Fichier,Vitesse Moyenne (km/h),Vitesse Maximal (km/h),Ecart type X (m/s²),Ecart type Y (m/s²),Stop Time (%),Variation vitesse
./sensor_data_20250213_ville_1.csv,0.0,0.0,0.2863696064319538,0.2475435856945695,100.0,0.0
./sensor_data_20250213_ville_1.csv,8.499000000000047,44.96527058823553,0.47938875179761736,0.6955910593228085,46.111111111111114,4.300552760181018
./sensor_data_20250213_ville_1.csv,12.34120000000007,29.45858823529428,0.1632378328975272,0.37361839178833256,28.333333333333332,2.3067757466063474
./sensor_data_20250213_ville_1.csv,18.191257013574752,57.30880723981932,0.5107064478883843,0.5354631767625208,0.5555555555555556,3.5233972462831553
./sensor_data_20250213_ville_1.csv,58.69907095022655,91.69496470588285,0.6912466106174919,0.47670833736146073,0.0,2.696632546864914
./sensor_data_20250213_ville_1.csv,64.12830696832613,99.52895565610915,0.3320010509575402,0.6292591981234711,0.0,4.693057388493887
./sensor_data_20250213_ville_1.csv,3.842926153846173,20.39626425339378,0.366121417178352,0.21626497278165865,72.22222222222221,0.8043869295410531
./sensor_data_20250213_ville_1.csv,26.883357828054443,66.65769773755693,0.3359483144858354,0.7549897608551617,18.333333333333332,5.144494201680701
./sensor_data_20250213_ville_1.csv,21.507216470588347,47.358179185520626,0.5945872173792202,0.5897440225208332,19.444444444444446,3.4668391725921337
./sensor_data_20250213_ville_1.csv,12.62065484162902,38.397404524887094,0.33575339421817074,0.2924858403866955,56.666666666666664,1.18760314156432
./sensor_data_20250213_ville_1.csv,14.14760524886884,44.217936651583955,0.25248437825686004,0.4625128820755839,45.55555555555556,2.421245429864255
./sensor_data_20250213_ville_2.csv,7.632111674208184,28.10834389140287,0.7144352754989912,0.7922418145860618,23.88888888888889,2.7601569424693078
./sensor_data_20250213_ville_2.csv,32.708387511312395,50.97805248868807,0.5552151670350136,0.7079794333950253,0.0,4.25710491919848
./sensor_data_20250213_ville_2.csv,11.71493285067879,38.593987330316956,0.7108808683665985,0.576955588151498,26.111111111111114,2.2852704072398233
./sensor_data_20250213_ville_2.csv,24.313515113122296,51.269929411764984,0.536854287556809,0.7932302041401709,12.777777777777777,4.809802973497117
./sensor_data_20250213_ville_2.csv,63.78064108597317,90.17534117647071,0.7902823343915166,0.4143846407681679,0.0,2.554493516483525
./sensor_data_20250213_ville_2.csv,76.2260713122176,93.42417013574713,0.683752229254583,0.4280143696870773,0.0,2.0041186813187113
./sensor_data_20250213_ville_2.csv,4.479485972850699,27.453534841629114,0.18087720355513492,0.5059642341618967,66.11111111111111,2.202430058177126
./sensor_data_20250213_ville_2.csv,13.199000000000074,40.72697918552059,0.6766436393655886,0.555820339198858,25.0,3.0594523076923243
./sensor_data_20250213_ville_2.csv,8.521870226244383,46.43420090497763,0.36790016197250625,0.41915165906492285,63.888888888888886,1.508391661279911
./sensor_data_20250213_ville_3.csv,18.12494895927611,44.94406153846178,0.6697159571449346,0.5492050033644799,13.333333333333334,3.0440707175177963
./sensor_data_20250213_ville_3.csv,24.4657143891404,43.911561990950474,0.47577135923927777,0.6448532504727923,8.88888888888889,3.7440904912734596
./sensor_data_20250213_ville_3.csv,12.703372488687847,45.047011764706134,0.583719394198384,0.6576393657268934,16.666666666666664,2.8306146218487505
./sensor_data_20250213_ville_3.csv,41.23448054298664,53.755200000000286,0.6483281512544927,0.4915719426357392,0.0,2.3205436910148918
./sensor_data_20250213_ville_3.csv,64.49863384615418,91.79693755656159,0.642049756956882,0.44373697296394193,0.0,2.899385093729821
./sensor_data_20250213_ville_3.csv,55.96347058823558,90.36063529411759,0.5097083879216486,0.6607108992755987,0.0,4.522698086619277
./sensor_data_20250213_ville_3.csv,4.395292307692326,26.689357466063495,0.19848378920686194,0.5072153315233153,66.66666666666666,2.2373756302521093
./sensor_data_20250213_ville_3.csv,12.299466787330383,36.33826968325812,0.48910877361373145,0.40442971625745605,37.77777777777778,2.2629918034906416
./sensor_data_20250213_ville_3.csv,22.177082533936765,42.64967239819028,0.8170728034211376,0.6192443922383454,1.6666666666666667,4.766432624434411
./sensor_data_20250214_autoroute_1.csv,112.27104090497794,116.13909502262509,0.22301583103357372,0.2910867924257708,0.0,0.946502882999391
./sensor_data_20250214_autoroute_1.csv,63.73610244343923,115.1669647058823,0.7421566804752158,0.2666729617662933,1.6666666666666667,5.5641220685197155
./sensor_data_20250214_autoroute_1.csv,110.57538262443494,117.84021719457081,0.33156118375732996,0.28902229801686985,0.0,1.4222721396250866
./sensor_data_20250214_autoroute_1.csv,113.64298787330375,117.13627873303233,0.3018062381144873,0.2998881902391388,0.0,1.3442706528765456
./sensor_data_20250214_autoroute_1.csv,116.29530244343951,120.04814117647126,0.2899483331569851,0.22077850836688728,0.0,0.9418900129282514
./sensor_data_20250214_autoroute_1.csv,117.099109864254,120.00497375565678,0.28030760164763935,0.37261459481215625,0.0,0.7255471751777647
./sensor_data_20250214_autoroute_1.csv,115.54029972850739,119.60988597285134,0.1942217706937874,0.2544070425800108,0.0,0.6426826179702709
./sensor_data_20250214_autoroute_1.csv,120.53367710407305,123.90685248868849,0.25000819606900876,0.26654421541785767,0.0,0.5364981900452749
./sensor_data_20250214_autoroute_1.csv,114.25155819004584,123.3264542986432,0.4768006768995363,0.26963205028762055,0.0,0.8222018616677532
./sensor_data_20250214_autoroute_1.csv,118.57650841629022,123.27859547511382,0.2701661513187735,0.23118692365136606,0.0,1.1217693600517324
./sensor_data_20250214_autoroute_1.csv,116.47992542986485,125.36265339366585,0.3509761718769376,0.3088689559739715,0.0,1.8414613122171666
./sensor_data_20250214_autoroute_2.csv,117.56100470588295,123.4702588235293,0.28971357271260884,0.375237119768887,0.0,0.43580712346476375
./sensor_data_20250214_autoroute_2.csv,117.17587656108657,121.20626606334909,0.29897711245908404,0.2525175954465815,0.0,1.1107336845507174
./sensor_data_20250214_autoroute_2.csv,118.23764579185583,122.01071131221786,0.2893132871458622,0.28310924454548586,0.0,0.6816007692307341
./sensor_data_20250214_autoroute_2.csv,119.1847630769237,122.11056651583779,0.25862878684120183,0.23063510467567083,0.0,0.9443152553329368
./sensor_data_20250214_autoroute_2.csv,119.0680961085979,122.51555837104141,0.2848589732410546,0.20859761536598537,0.0,0.7426739883645825
./sensor_data_20250214_autoroute_2.csv,120.70038914027214,126.07395475113191,0.3207522243552164,0.2458442081070209,0.0,0.7112078345184205
./sensor_data_20250214_autoroute_2.csv,115.72488687782865,123.28606425339372,0.36628140374145257,0.2834293894485612,0.0,1.6003769489334272
./sensor_data_20250214_autoroute_2.csv,116.93913049773816,122.41114208144865,0.36657135127638746,0.3219121136469496,0.0,0.9461693406593268
./sensor_data_20250214_autoroute_2.csv,114.74825104072458,121.65141176470598,0.3334363492970115,0.32502570402581854,0.0,1.4152750484809025
./sensor_data_20250214_autoroute_2.csv,119.51022190045309,122.34441990950293,0.2901832339646616,0.2631357396895057,0.0,0.7765141952165179
./sensor_data_20250214_autoroute_2.csv,117.2113645248875,122.13949683257987,0.29034052647016784,0.25953839354810493,0.0,1.1309563671622498
./sensor_data_20250214_autoroute_3.csv,113.68747981900509,119.62718552036264,0.2634156900913897,0.3091139998446289,0.0,1.2210455203620127
./sensor_data_20250214_autoroute_3.csv,118.77703674208206,123.0329809954758,0.33017925946307214,0.2918076544584196,0.0,1.0364718810601226
./sensor_data_20250214_autoroute_3.csv,119.28145828054359,123.33746839043314,0.2666259543883252,0.2521966311986498,0.0,0.7548163348416087
./sensor_data_20250214_autoroute_3.csv,119.58813484162957,122.82384705882347,0.3399497818879437,0.3420129831330778,0.0,0.9676428442145903
./sensor_data_20250214_autoroute_3.csv,120.78832995475176,128.75955475113193,0.476013051933596,0.3188289901237341,0.0,1.19651292824826
./sensor_data_20250214_autoroute_3.csv,112.34291004524947,116.30339185520425,0.3434746851258071,0.3086695459670338,0.0,0.9726988493859176
./sensor_data_20250214_autoroute_3.csv,118.23792253393727,124.0849628959283,0.24553917695959568,0.25268880097834673,0.0,1.2944021331609972
./sensor_data_20250214_autoroute_3.csv,120.48603638009111,125.98713122172015,0.3036752945472948,0.2775924132504141,0.0,0.8641781383322218
./sensor_data_20250214_autoroute_3.csv,118.80026497737619,124.51181538461607,0.3671076012386664,0.2854134553538633,0.0,1.3911913186813223
./sensor_data_20250214_autoroute_3.csv,118.7992568325798,124.1387511312224,0.35889102358828434,0.42986940299164533,0.0,0.7781529734970595
./sensor_data_20250214_autoroute_3.csv,120.88201266968386,123.94164705882422,0.34766852660331415,0.242710169876909,0.0,0.8477004330962833
./sensor_data_20250214_autoroute_4.csv,120.25143348416351,123.84824253393734,0.3614657657177981,0.3957355324139146,0.0,0.7761519004524937
./sensor_data_20250214_autoroute_4.csv,120.45014751131284,123.70495927601878,0.3671042097306843,0.2581019847350796,0.0,0.945912365869463
./sensor_data_20250214_autoroute_4.csv,118.59816778280603,124.53188416289663,0.31383078121323965,0.2201640405265155,0.0,0.9786900581771082
./sensor_data_20250214_autoroute_4.csv,119.76418081448024,122.94628778280611,0.2827217205524368,0.20136236220117407,0.0,0.9601263477698656
./sensor_data_20250214_autoroute_4.csv,121.11083438914089,128.45862081448035,0.38523846124937733,0.2655406314102719,0.0,1.0789147640594732
./sensor_data_20250214_autoroute_4.csv,116.42666298642594,123.40005067873372,0.39248226066575503,0.22427969838645215,0.0,1.8765718034906418
./sensor_data_20250214_autoroute_4.csv,118.44994371040785,123.50476018099617,0.2949268443719336,0.24774378882104287,0.0,0.9549787912088287
./sensor_data_20250214_autoroute_4.csv,120.94926226244408,125.7295927601817,0.344919657214266,0.2656080817803021,0.0,0.884817065287695
./sensor_data_20250214_autoroute_4.csv,122.32157212669748,125.4561556561093,0.30289774749792864,0.21628068868603256,0.0,1.1900592049127625
./sensor_data_20250214_autoroute_4.csv,119.45781719457074,125.60162171945773,0.2768645617334751,0.2818892372329534,0.0,1.0965854815772833
./sensor_data_20250214_autoroute_4.csv,118.72794533936714,123.55004524886945,0.25499279385728196,0.2920015922582533,0.0,1.1747136910148985
./sensor_data_20250214_autoroute_5.csv,114.04513484162956,117.13627873303233,0.30951845975361786,0.27092042509879327,0.0,1.1911597543632702
./sensor_data_20250214_autoroute_5.csv,116.79472542986485,120.04814117647126,0.33716790537482527,0.3098341862568552,0.0,1.1307334130575157
./sensor_data_20250214_autoroute_5.csv,117.08267239819064,120.35615294117638,0.21927536855657967,0.3924707649755581,0.0,0.6933133419521648
./sensor_data_20250214_autoroute_5.csv,116.7533744796386,120.68594389140338,0.15815866485636224,0.22289419720461076,0.0,0.4108967097608253
./sensor_data_20250214_autoroute_5.csv,121.31109049773818,123.90685248868849,0.3772165907648405,0.28281930013320067,0.0,0.6093293923723728
./sensor_data_20250214_autoroute_5.csv,111.68286099547568,121.96863529411758,0.3102700472610551,0.22399040658799332,0.0,1.258555669036841
./sensor_data_20250214_autoroute_5.csv,120.53900180995535,123.27859547511382,0.2530232616023812,0.2878740517787656,0.0,0.7140214608920671
./sensor_data_20250214_autoroute_5.csv,115.96276090497797,125.36265339366585,0.3620684361342182,0.3500206014665523,0.0,1.8514841435035279
./sensor_data_20250214_autoroute_5.csv,118.43176253393727,123.56157828054369,0.26462820070045656,0.2895521634559014,0.0,0.6533125404007545
./sensor_data_20250214_autoroute_5.csv,116.16732904977434,120.84815565610927,0.29826381173170774,0.33881176714819783,0.0,0.7250768325792096
./sensor_data_20250214_autoroute_5.csv,118.72458443438974,121.20626606334909,0.27927002588488387,0.2868001690264903,0.0,0.8870151971557929
./sensor_data_20250214_autoroute_5.csv,118.68509176470653,122.01071131221786,0.2778608823643017,0.2617494907389649,0.0,0.7671468261151008
./sensor_data_20250214_autoroute_5.csv,119.10886063348478,122.11056651583779,0.2473879417958331,0.2211262396314842,0.0,0.6870564576599538
./sensor_data_20250214_autoroute_5.csv,118.86734769230829,122.51555837104141,0.27576731399209375,0.18386663991114832,0.0,0.9491802650290819
./sensor_data_20250214_autoroute_5.csv,120.27081230769292,126.07395475113191,0.39123631538140785,0.26785289472440754,0.0,0.7338872398190183
./sensor_data_20250214_autoroute_5.csv,114.73236651583768,120.76240723981968,0.36766992340668286,0.27080595256749695,0.0,1.593486619263077
./sensor_data_20250214_autoroute_5.csv,115.85937176470648,122.41114208144865,0.3430054236841654,0.33013954020520503,0.0,1.2374388235294365
./sensor_data_20250214_autoroute_5.csv,117.17017085972911,122.15132307692375,0.29858992000422646,0.32157909116417926,0.0,1.0912918293471474
./sensor_data_20250214_autoroute_5.csv,118.71239619909562,122.34441990950293,0.237932392882775,0.2389211500528398,0.0,0.6272883387201114
./sensor_data_20250214_autoroute_5.csv,118.76443819004584,122.13949683257987,0.28858710265850773,0.26227776262383035,0.0,0.9417381577246684
./sensor_data_20250214_autoroute_6.csv,114.24224760181053,119.81380374919202,0.3255478416189194,0.26462501268556243,0.0,1.1739713380736656
./sensor_data_20250214_autoroute_6.csv,117.2360807239825,123.0329809954758,0.26009041367583835,0.3975124684472678,0.0,1.2345244149967542
./sensor_data_20250214_autoroute_6.csv,119.57468235294182,123.25233665158439,0.32439972886500196,0.3111765226538466,0.0,0.8471586166774775
./sensor_data_20250214_autoroute_6.csv,118.48917755656169,123.34017013574729,0.31208318712882827,0.24600441574397877,0.0,1.001086690368445
./sensor_data_20250214_autoroute_6.csv,121.36845737556622,126.79676470588241,0.36890806286176914,0.3018684406872785,0.0,0.5713361797026224
./sensor_data_20250214_autoroute_6.csv,115.11481737556618,128.78957763413064,0.42789648474890446,0.36850741876556065,0.0,1.6645136522301438
./sensor_data_20250214_autoroute_6.csv,114.36967131221779,121.27150588235301,0.2585462595132841,0.306008344660596,0.0,1.0285845507433788
./sensor_data_20250214_autoroute_6.csv,120.15207022624499,124.0849628959283,0.281858709446225,0.2473333969332497,0.0,0.8932873755656497
./sensor_data_20250214_autoroute_6.csv,120.950375384616,125.98713122172015,0.37187145068720884,0.28893838586440324,0.0,1.0553805042016888
./sensor_data_20250214_autoroute_6.csv,117.62163221719517,124.1387511312224,0.39842841035269866,0.2941285507201822,0.0,1.0976313833225813
./sensor_data_20250214_autoroute_6.csv,120.96402769230832,123.81406696832647,0.279115098400682,0.3565924829349492,0.0,0.6571033354880801
./sensor_data_20250214_autoroute_6.csv,110.58793230769287,123.94164705882422,0.5059011398483929,0.3240278198949532,0.0,1.895835294117622
./sensor_data_20250214_autoroute_6.csv,120.84836561086036,124.45294479638079,0.3468601483377516,0.3669797913629618,0.0,0.8897551906917013
./sensor_data_20250214_autoroute_6.csv,119.74883221719517,122.46352941176539,0.3307905746035651,0.28030023639297325,0.0,0.9516804654169044
./sensor_data_20250214_autoroute_6.csv,119.39255674208208,124.53188416289663,0.4075514739149006,0.2540156235287895,0.0,1.0772744020685296
./sensor_data_20250214_autoroute_6.csv,119.50399855203682,122.03635113122239,0.2558779912739955,0.24528281681588782,0.0,0.7219806851971948
./sensor_data_20250214_autoroute_6.csv,121.22324542986486,128.45862081448035,0.3507087997231472,0.28295081300588776,0.0,1.3412007239819093
./sensor_data_20250214_autoroute_6.csv,120.59256524886938,123.40005067873372,0.2609296694029472,0.2124154143103089,0.0,0.8160942727860395
./sensor_data_20250214_autoroute_6.csv,114.91516850678794,123.50476018099617,0.3973272720760806,0.3656494016936316,0.0,2.159076483516532
./sensor_data_20250214_autoroute_6.csv,120.14544832579247,125.7295927601817,0.35152209300764886,0.23549271516410622,0.0,0.7965366709761216
./sensor_data_20250214_autoroute_6.csv,121.02659837104135,124.41766153846223,0.29985157260586753,0.28518328856038716,0.0,0.8808086425339399
./sensor_data_20250214_autoroute_6.csv,121.15672144796443,125.60162171945773,0.26191403838461075,0.2498202292413795,0.0,1.1799875694893565
./sensor_data_20250214_autoroute_6.csv,120.27793140271554,123.17424434389208,0.27087125534575757,0.286077555026644,0.0,0.9739474660633224
./sensor_data_20250214_autoroute_6.csv,118.21425719457075,124.81027330316812,0.34952682294622367,0.30063811224905057,0.0,1.7922702650291216
./sensor_data_20250214_autoroute_6.csv,102.78677900452543,120.8291061409179,0.3691951540142844,0.2984439917225577,0.0,1.8183447317388306
./sensor_data_20250214_autoroute_6.csv,84.5087035294122,98.40129230769286,0.35836500239595104,0.26073607441013436,0.0,2.0197130833872348
./sensor_data_20250214_autoroute_6.csv,83.17586262443481,91.39969954751182,0.2763949941866442,0.23534779446920057,0.0,1.2542645184227441
./sensor_data_20250214_autoroute_6.csv,90.86135420814527,109.29938823529471,0.41466451891532213,0.2569763586234727,0.0,2.2386497414350495
./sensor_data_20250214_autoroute_6.csv,61.780710407240136,89.95327679379446,0.5397910238047158,0.6113258686986671,9.444444444444445,3.392050213316103
./sensor_data_20250214_autoroute_6.csv,52.61440977375593,104.51001990950284,0.416774672710566,0.3371145139077694,32.77777777777778,3.0415900840336336
./sensor_data_20250214_autoroute_6.csv,109.58856180995531,116.99677466063414,0.35241724109502115,0.25688853414120866,0.0,1.3604846089204727
./sensor_data_20250214_ville.csv,36.2219795475115,55.24713122171976,0.40284249565994457,0.5714903551809447,0.0,4.532802818358134
./sensor_data_20250214_ville.csv,37.83876633484182,55.666066968326106,0.7141226667130276,0.5413939492127876,0.0,3.5752476405947164
./sensor_data_20250214_ville.csv,67.94725429864289,90.64923800905028,0.9517677449970579,0.5057779504867517,0.0,1.8142910471881217
./sensor_data_20250214_ville.csv,50.68535004524912,87.76842352941173,0.5669486677735078,0.49038281383641014,22.77777777777778,2.7369454686489996
./sensor_data_20250214_ville.csv,2.4890000000000136,17.128083257918647,0.1834845741895494,0.30073413664382753,75.0,0.9976962895927656
./sensor_data_20250214_ville.csv,6.677513846153877,31.213482352941195,0.4115579379361973,0.34699425204631124,45.55555555555556,1.7665961021331669
./sensor_data_20250214_ville.csv,21.45739674208156,36.83816470588256,0.654457604982766,0.5980737497022829,0.0,3.4968539301874872
./sensor_data_20250217_secondaire.csv,44.95395891402738,54.77896832579216,0.1843197485566653,0.33368598881784595,0.0,1.913135740142219
./sensor_data_20250217_secondaire.csv,30.90526823529428,70.86585339366556,0.19954907637275238,0.722119744199162,36.11111111111111,3.139600969618637
./sensor_data_20250217_secondaire.csv,11.000104796380139,53.58240000000005,0.17078604434812095,0.46814703072363184,70.0,1.5929541047188116
./sensor_data_20250217_secondaire.csv,28.18703837104086,58.414235294117645,0.23357504316686165,0.5121554664132331,10.555555555555555,3.3251411118293492
./sensor_data_20250217_secondaire.csv,55.65636742081475,63.672043438914386,0.41971090643804093,0.3401266794738974,0.0,1.467061098901126
./sensor_data_20250217_secondaire.csv,68.71572126696869,89.61820452488736,0.48916332546995556,0.5124549689837692,0.0,2.887911415643202
./sensor_data_20250217_secondaire.csv,66.78369502262477,82.2552760181,0.32928298214932034,0.3945057923473637,0.0,1.9828851454428036
./sensor_data_20250217_secondaire.csv,55.33566624434417,70.46470588235297,0.35069157973022297,0.7432859659601686,0.0,4.287720310277962
./sensor_data_20250217_secondaire.csv,47.110164886878074,70.12704705882346,0.2846938685906331,0.5185453502960988,0.0,2.5588356625727227
./sensor_data_20250217_secondaire.csv,65.65212651583744,82.22849592760227,0.4610424942782008,0.5324913315340368,0.0,2.5239874595992364
./sensor_data_20250217_secondaire.csv,70.79222461538498,81.65855565610904,0.417363696959248,0.23899678951500478,0.0,1.2313519069166072
./sensor_data_20250217_secondaire.csv,70.1571873303171,83.75352760181042,0.392553268519367,0.40354302303364514,0.0,2.268072055591483
./sensor_data_20250217_secondaire.csv,64.02100289592794,75.07648506787372,0.479212955842512,0.25604345317430993,0.0,1.622134014221078
./sensor_data_20250217_secondaire.csv,49.01187927601835,58.376720361991275,0.263402605326105,0.4335431190238985,0.0,1.422989967679403
./sensor_data_20250217_secondaire.csv,51.9270803619912,84.02823529411768,0.36230448854129643,0.6473254781664602,0.0,3.635591182934728
./sensor_data_20250217_secondaire.csv,94.05526950226293,104.05521447963858,0.2642114256179183,0.29672755268472695,0.0,1.4507938526180024
./sensor_data_20250217_secondaire.csv,77.13225466063388,94.52449954751184,0.2589773082094173,0.49915008567880526,0.0,2.7364561603102673
./sensor_data_20250217_secondaire.csv,92.4426675113127,98.70525610859784,0.3494406519000071,0.21608480016967743,0.0,0.8112093859082226
./sensor_data_20250217_ville.csv,0.0,0.0,0.5291034631674784,0.7750765461077664,100.0,0.0
./sensor_data_20250217_ville.csv,10.848624615384674,31.067185520362166,0.17150291296248826,0.5270280882255917,26.666666666666668,3.0754219069166293
./sensor_data_20250217_ville.csv,12.920116018099606,53.484987071751796,0.3874714745341834,0.41737899508832643,19.444444444444446,2.356354453781521
./sensor_data_20250217_ville.csv,32.090601628959426,71.33696470588242,0.5921172434527304,0.5649420384151005,0.0,3.5446134712346495
./sensor_data_20250217_ville.csv,86.89163420814525,91.22517285067923,0.23795980958392365,0.2548011921223724,0.0,0.9998812346477345
./sensor_data_20250218_secondaire_1.csv,10.914776832579237,44.76109683257943,0.7765180431914963,0.6873846919819672,45.0,1.434689650937307
./sensor_data_20250218_secondaire_1.csv,54.12060090497766,78.86899547511355,1.1030124558889194,0.44666415042673724,0.0,3.2814726373626564
./sensor_data_20250218_secondaire_1.csv,31.37245248868794,67.51355294117644,0.18465383196369348,0.38293152035151573,0.0,2.62535204266322
./sensor_data_20250218_secondaire_1.csv,31.32535656108614,43.902407239819254,0.6035622831534124,0.42562045026246237,0.0,2.6637988817065454
./sensor_data_20250218_secondaire_1.csv,64.97892506787365,78.98364162895972,0.9004533857983847,0.4373206896621048,0.0,2.9351362378797927
./sensor_data_20250218_secondaire_1.csv,72.48092307692347,91.34017737556613,0.46796384744750247,0.7716446116554831,0.0,3.600040012928277
./sensor_data_20250218_secondaire_1.csv,81.09515022624477,109.10971221719518,0.4947404719565426,0.5213188718787617,0.0,3.4756750096962206
./sensor_data_20250218_secondaire_1.csv,80.89300705882395,112.34179547511374,0.8402241949732843,0.617333128479629,0.0,3.613883865546214
./sensor_data_20250218_secondaire_1.csv,71.98119656108635,81.0928506787335,0.16054987434063017,0.35791853985352806,0.0,1.8787726244343983
./sensor_data_20250218_secondaire_1.csv,63.907365067873634,79.79558009049816,0.43193468970312104,0.49223605747273924,0.0,2.4618417194570332
./sensor_data_20250218_secondaire_1.csv,71.16361592760218,80.2198588235295,0.22023525497424107,0.2744280138062742,0.0,1.519144408532649
./sensor_data_20250218_secondaire_1.csv,81.1523471493217,86.3422696832584,0.5380373507837696,0.21025238021846426,0.0,0.9167630898513089
./sensor_data_20250218_secondaire_1.csv,77.27615511312257,80.43426244343937,0.21490971190608868,0.21990994654322488,0.0,0.6535736393019007
./sensor_data_20250218_secondaire_1.csv,79.39646515837146,85.640839819005,0.2669812586935265,0.32125379806855314,0.0,1.0423117840982776
./sensor_data_20250218_secondaire_1.csv,85.08211348416333,94.5176904977381,0.27825971541490685,0.2833385449064781,0.0,1.1705641628959338
./sensor_data_20250218_secondaire_1.csv,84.97256742081493,92.21054893341955,0.31570901327270595,0.27971509834894454,0.0,1.5616235035552766
./sensor_data_20250218_secondaire_1.csv,79.76770678733075,92.37463167420866,0.6292434331695229,0.33644355383182095,0.0,2.24072501616033
./sensor_data_20250218_secondaire_1.csv,86.30693104072442,90.18550588235344,0.32067981611315927,0.2614364208906796,0.0,0.9302780349062755
./sensor_data_20250218_secondaire_1.csv,93.97894280543034,108.59082352941174,0.30360686791630076,0.23499606193960962,0.0,0.955422824822239
./sensor_data_20250218_secondaire_2.csv,78.06177556561126,99.20911764705878,0.40023654990868796,2.1324000060501027,0.0,2.9880898836457654
./sensor_data_20250218_secondaire_2.csv,70.23175764705918,81.28327601810001,0.5803919075333249,0.5923845777461392,0.0,2.823586050420159
./sensor_data_20250218_secondaire_2.csv,79.6768734841633,83.28855746606382,0.43863517612955405,0.32180041111745444,0.0,0.8728965158370883
./sensor_data_20250218_secondaire_2.csv,53.46818027149349,79.58196302521006,0.6485896070273219,0.5305033879646928,0.0,3.7546082740788744
./sensor_data_20250218_secondaire_2.csv,70.00158171945738,83.64044524886924,0.5422331928151145,0.49304067909019733,0.0,2.133423005817739
./sensor_data_20250218_secondaire_2.csv,66.17074552036233,81.32673665158416,0.36030561483920254,0.6514708697928978,0.0,2.144814350355537
./sensor_data_20250218_secondaire_2.csv,68.04759800905012,83.54039457013621,0.47166516582904394,0.8007230056983777,0.0,2.303104343891415
./sensor_data_20250218_secondaire_2.csv,48.511622624434615,77.04508235294125,0.41916566232142694,1.021770147744679,0.0,2.9874704395604366
./sensor_data_20250218_secondaire_2.csv,77.82550859728546,84.92321809954798,0.27990040221545437,0.8818469864212135,0.0,1.071898396897203
./sensor_data_20250218_secondaire_2.csv,79.92067909502303,86.98082171945751,0.3006173152238632,0.42690334937258045,0.0,1.3836814738202883
./sensor_data_20250218_secondaire_2.csv,79.9698691402719,84.16482352941186,0.3528906253634764,0.27782138323824546,0.0,0.831905856496451
./sensor_data_20250218_secondaire_2.csv,52.56763963800931,84.06825882352936,0.3821292387675741,0.22378604695406182,0.0,1.8745764447317406
./sensor_data_20250218_secondaire_2.csv,32.64984470588252,44.73262262443464,0.701701790242998,0.7055776337739593,0.0,4.042004990303838
./sensor_data_20250218_secondaire_2.csv,39.01451619909523,55.43794751131253,0.6779831241809067,0.3255401139359059,0.0,3.572522398190069
./sensor_data_20250218_secondaire_2.csv,37.254257194570336,75.11919638009093,0.7273307558489541,1.0684667781450206,0.0,3.7734309114415274
./sensor_data_20250218_secondaire_2.csv,89.12031493212717,95.99887058823583,0.34622225397422157,0.5280911612591075,0.0,1.4973090885585059
./sensor_data_20250218_secondaire_2.csv,87.04751728506831,93.50170859728559,0.2487557730577874,0.30008521517649667,0.0,0.7856136845507731
./sensor_data_20250218_secondaire_2.csv,8.53264977375569,67.5188470588235,0.5507912034552237,0.6035557046112942,62.22222222222222,3.1629160051713066
./sensor_data_20250218_secondaire_2.csv,3.1635523981900606,20.0099076923078,0.330551597367673,0.08577417958077568,68.88888888888889,1.4314400775694953
./sensor_data_20250218_secondaire_3.csv,57.109035475113416,73.81602895927642,0.6196317180106901,0.9608537501554656,0.0,3.829103968972221
./sensor_data_20250218_secondaire_3.csv,52.51117303167448,72.88595837104113,0.6558656099665361,0.9236546916481388,0.0,4.173648351648359
./sensor_data_20250218_secondaire_3.csv,39.71126859728526,75.87667058823533,0.7605560153230309,0.7533190290078261,6.666666666666667,5.046032352941192
./sensor_data_20250218_secondaire_3.csv,47.95715022624459,76.94682352941172,0.8380794456462956,0.8276630940837576,0.0,4.709915669036865
./sensor_data_20250218_secondaire_3.csv,51.67710696832606,78.79015384615428,0.6234540604295499,0.7308376978901101,0.0,2.9837151777634414
./sensor_data_20250218_secondaire_3.csv,56.13734208144825,75.07146787330359,0.6415643533031375,0.6268483951921223,0.0,3.0011035875889016
./sensor_data_20250218_secondaire_3.csv,42.65706823529433,56.22776470588266,0.6431974731944259,0.8630793193159014,0.0,2.997250530058179
./sensor_data_20250218_secondaire_3.csv,47.58662081447989,62.21914208144831,0.5796268073875074,0.7344422823138615,0.0,2.949831215255362
./sensor_data_20250218_secondaire_3.csv,45.365688868778506,77.9116235294122,0.6716094718171409,0.9202146629081001,0.0,3.886856405947015
./sensor_data_20250218_secondaire_3.csv,57.530661719457306,73.49733936651623,0.5539847035566395,0.8658097348051376,0.0,3.321740193923736
./sensor_data_20250218_secondaire_3.csv,39.02934262443459,52.124481447964094,0.6099379824503407,0.9102804883284403,0.0,3.12630633484164
./sensor_data_20250219_autoroute.csv,106.68855185520417,110.54827873303228,0.37704923772836313,0.21615159423478786,0.0,0.5912669101486843
./sensor_data_20250219_secondaire_1.csv,20.961660090497844,50.51700000000001,0.4610321346256588,0.5647984439757499,11.666666666666666,2.965701531997426
./sensor_data_20250219_secondaire_1.csv,23.567494298642643,59.66174117647055,0.9525810050358893,0.6125343704709771,15.555555555555555,5.5006059211377
./sensor_data_20250219_secondaire_1.csv,68.74234787330353,81.42825339366561,0.49917357778512633,0.46143658584088365,0.0,2.412820122818385
./sensor_data_20250219_secondaire_1.csv,31.844216108597447,46.16903891402741,0.5167268553989439,0.4524803976026203,0.0,3.1835462055591672
./sensor_data_20250219_secondaire_1.csv,33.21599185520378,62.81004705882356,0.5995407429432935,0.7113879303532029,0.0,3.1774616871364065
./sensor_data_20250219_secondaire_1.csv,59.004371221719765,74.04180271493254,0.5079506618141929,0.42798225546863883,0.0,2.2862155785391036
./sensor_data_20250219_secondaire_1.csv,36.61412452488707,53.31472941176501,0.6707268788329196,0.8838433443269548,0.0,3.4546718681318858
./sensor_data_20250219_secondaire_1.csv,74.39628687782844,101.30299004524943,0.7151059188132916,1.194361508140105,0.0,3.5483235294117903
./sensor_data_20250219_secondaire_1.csv,55.62830877828082,99.78967058823527,0.7517988101384117,0.5142890544761174,5.555555555555555,5.295902016806743
./sensor_data_20250219_secondaire_1.csv,22.962375022624546,52.01830588235292,0.8695627574291691,0.6949791930187613,17.22222222222222,5.89911380736913
./sensor_data_20250219_secondaire_1.csv,36.36745701357485,48.43022986425366,0.5092476289160303,0.2655445331893662,0.0,1.6392465029088674
./sensor_data_20250219_secondaire_1.csv,48.71865755656134,75.63280723981943,0.673525503501262,1.0417233313014556,0.0,3.429174460245671
./sensor_data_20250219_secondaire_1.csv,52.0349735746609,74.93098642533978,0.5945535456698299,0.9905370559286252,0.0,2.050882488687807
./sensor_data_20250219_secondaire_1.csv,10.343063167420866,26.72493393665173,1.0204603374763739,0.9491298051774432,30.0,1.9561787976729244
./sensor_data_20250219_secondaire_1.csv,32.6626106787332,61.11112398190079,0.8396532517974411,0.9512075673793642,0.0,3.9412768519715833
./sensor_data_20250219_secondaire_1.csv,60.61918696832611,78.74659547511357,0.464465495429165,0.9043279726057906,0.0,3.040399560439579
./sensor_data_20250219_secondaire_1.csv,29.226748597285223,43.761306787330554,0.4517816094924793,0.7412134653268926,17.22222222222222,2.1506908403361535
./sensor_data_20250219_secondaire_1.csv,24.026368687782938,49.21314027149349,0.646844434112665,0.42757172382576825,7.777777777777778,3.3409195345830804
./sensor_data_20250219_secondaire_1.csv,24.912031312217323,45.74453212669708,0.6947917021832952,0.7267081315096975,0.0,3.3547897608274324
./sensor_data_20250219_secondaire_1.csv,40.31451384615405,79.49795294117651,0.9004141834441752,0.9643263335278002,0.0,6.049898733031695
./sensor_data_20250219_secondaire_1.csv,83.22849321267012,97.77222081448018,0.384662564039179,0.3507664020553001,0.0,2.0608473497091455
./sensor_data_20250219_secondaire_1.csv,39.524846334841826,62.28654841628993,0.9760236946694905,1.116382678492524,0.0,3.259920711053664
./sensor_data_20250219_secondaire_1.csv,12.936165972850738,30.073780995475133,0.6459295953874308,0.8998520478700736,3.888888888888889,3.188341157078225
./sensor_data_20250219_secondaire_1.csv,64.6828678733035,80.31424072398235,0.5204917434809228,0.6349057613943418,0.0,2.265496263736283
./sensor_data_20250219_secondaire_1.csv,47.476383348416526,77.56750588235293,0.40916730145528574,0.5624965902993205,0.0,2.2241311312217253
./sensor_data_20250219_secondaire_1.csv,33.52298714932144,42.596991855203854,0.4873802638201763,0.5500802532503135,0.0,1.679701260504209
./sensor_data_20250219_secondaire_1.csv,67.1396615384619,78.91431312217239,0.4804750524890937,0.5313142789774224,0.0,1.973998222365895
./sensor_data_20250219_secondaire_1.csv,39.520307873303366,60.54388778280577,0.8298915170453185,0.892452102280879,0.0,3.459606515837113
./sensor_data_20250219_secondaire_2.csv,66.16933049773789,79.92016289592806,0.5450033000210076,0.3877255935681434,0.0,1.7015809954751357
./sensor_data_20250219_secondaire_2.csv,50.74429882352967,72.21635837104112,0.3875751941503917,0.8823482388301203,6.111111111111111,4.4427339366516065
./sensor_data_20250219_secondaire_2.csv,34.662880542986606,72.54244343891443,0.38773943598572336,0.6095739475227945,0.0,4.089105585003264
./sensor_data_20250219_secondaire_2.csv,51.90974805429891,78.72519095022668,0.9521881003389534,0.6098448569401648,0.0,3.6461259987072063
./sensor_data_20250219_secondaire_2.csv,75.60361990950265,82.9610063348421,0.3133880564651558,0.33916194873259903,0.0,1.075668409825476
./sensor_data_20250219_secondaire_2.csv,36.40275131221738,74.66351131221762,0.36785608532309855,0.5160691774096597,9.444444444444445,3.4488167679379735
./sensor_data_20250219_secondaire_2.csv,50.396147511312485,77.6314751131226,0.4024288514508816,0.46295397814634764,0.0,2.9635184809308637
./sensor_data_20250219_secondaire_2.csv,74.81600000000039,78.99595656108642,0.43213812346811803,0.38629158926313373,0.0,0.8281989269554227
./sensor_data_20250219_secondaire_2.csv,51.88938914027176,76.34943529411758,0.4618376359589325,0.666060655788459,0.0,3.3334967937944433
./sensor_data_20250219_secondaire_2.csv,24.324749683258037,55.2712235294118,0.6106024888497504,0.718770633611893,1.1111111111111112,4.668116367162264
./sensor_data_20250219_secondaire_2.csv,60.8474336651587,82.76478190045295,0.45768178173843665,0.5856681437880155,0.0,2.980431215255354
./sensor_data_20250219_secondaire_2.csv,45.09630660633506,91.04455384615434,0.6712788297387701,0.7353269670170185,0.0,5.025211215255363
./sensor_data_20250219_secondaire_2.csv,87.21268814479683,92.426367420815,0.7842223047012833,0.32263007329451926,0.0,1.2760136845507228
./sensor_data_20250219_secondaire_2.csv,73.03268162895965,91.27270588235287,0.7950271311657281,0.27576545829453003,0.0,2.3714841758241767
./sensor_data_20250219_secondaire_2.csv,32.488147692307855,45.65057375565636,0.7385055177189124,0.5911691590478373,0.0,3.6478927989657652
./sensor_data_20250219_secondaire_2.csv,36.074546063348606,53.24921266968356,0.7142742929132799,0.7853712090684701,0.0,5.255314337427309
./sensor_data_20250219_secondaire_3.csv,31.76887149321283,58.84993303167454,0.6430712874308703,1.015847378420863,0.0,7.298290614091834
./sensor_data_20250219_secondaire_3.csv,34.89100072398208,62.2618941176471,1.154925099984482,0.689636225122758,0.0,5.199447440206878
./sensor_data_20250219_secondaire_3.csv,66.1823355656112,76.52657647058825,0.5029600005975303,0.5198180214961264,0.0,2.6838258694247
./sensor_data_20250219_secondaire_3.csv,85.49340000000045,92.0471782805435,0.5729374009910211,0.2517378489310397,0.0,1.1515960698125522
./sensor_data_20250219_secondaire_3.csv,84.74604651583753,88.95942081448013,0.2657187071792227,0.30551502699586486,0.0,0.5827901292824601
./sensor_data_20250219_secondaire_3.csv,72.56260488687819,93.08694298642585,0.6664618204930632,0.8085139964349939,0.0,4.637495669036869
./sensor_data_20250219_secondaire_3.csv,83.31421466063392,90.05209411764699,0.27283874646734907,0.2642669878065579,0.0,0.80802351001939
./sensor_data_20250219_secondaire_3.csv,61.453569773755966,86.97695294117656,0.2988467663195094,0.6159752025374835,0.0,3.2352674143503526
./sensor_data_20250219_secondaire_3.csv,90.24456126696879,95.77270588235348,0.2161086640111581,0.35536383563348295,0.0,0.7077978280543283
./sensor_data_20250219_secondaire_3.csv,65.54663891402748,87.24451764705877,0.4918919506190617,0.46380130579282536,0.0,2.4869118422753664
./sensor_data_20250219_secondaire_3.csv,52.6114477828057,75.48408325791897,1.1146900075435726,0.5178973799872082,0.0,3.005857478991613
./sensor_data_20250219_secondaire_3.csv,73.36062624434427,85.77001628959324,0.513381115782693,0.27722008685570027,0.0,1.3360279508726765
./sensor_data_20250219_secondaire_3.csv,80.3909207239823,84.60596199095069,0.4868110658944821,0.22604203688988353,0.0,1.029364227537174
./sensor_data_20250219_secondaire_3.csv,65.71580868778314,80.21689411764706,0.5697689301830384,0.36286347819810144,0.0,1.6480129799612175
./sensor_data_20250219_secondaire_3.csv,47.99444814479663,52.33302081447992,0.294740263468613,0.22829365099371476,0.0,0.9435990174531526
./sensor_data_20250219_secondaire_3.csv,17.96642479638018,43.764035294117626,0.5852727923419858,0.7376520869125888,3.888888888888889,4.796667537168737
./sensor_data_20250221_ville.csv,21.72760796380101,92.13342352941177,0.5946827894883965,0.7262358353028979,17.22222222222222,5.852892908855877
./sensor_data_20250221_ville.csv,26.86685520362005,53.92031131221749,0.8368426719209805,0.7565223229671418,0.5555555555555556,5.332792495151941
./sensor_data_20250221_ville.csv,74.28164597285107,91.88506425339418,0.40318911678124425,1.0924861022353485,0.0,2.2828732514544567
./sensor_data_20250221_ville.csv,43.5416917647061,79.0226389140276,0.6166331886148446,0.7837930365031425,12.777777777777777,3.3225024692954332
./sensor_data_20250221_ville.csv,3.679000904977393,25.017002714932264,0.3717180221393102,0.08779131420428128,65.0,1.833182572721404
./sensor_data_20250221_ville.csv,8.245026968325833,29.821780995475276,0.3918204775870684,0.5793977194140588,60.55555555555555,1.564507899159674
./sensor_data_20250221_ville.csv,5.498369049773784,21.167739366515953,0.3273401715516298,0.15486979674469514,43.333333333333336,1.4958244537815213
./sensor_data_20250221_ville.csv,12.074200000000067,39.99010316742103,0.48257334229017923,0.5540198641145834,46.666666666666664,2.2475554751131344
./sensor_data_20250221_ville.csv,13.183800000000074,36.90325791855224,0.7831749108406597,0.6727750898361741,28.333333333333332,3.962953484162917
./sensor_data_20250223_autoroute_1.csv,121.46161538461601,124.74312760181064,0.3188735328192433,0.29453121012951566,0.0,0.7606816548157803
./sensor_data_20250223_autoroute_1.csv,118.23715565610922,120.57699909502331,0.5152634797400588,0.233627702379327,0.0,0.3496212734324294
./sensor_data_20250223_autoroute_1.csv,119.82078787330379,124.11200361991018,0.3411883021997482,0.22873254162065013,0.0,0.7242307627666528
./sensor_data_20250223_autoroute_1.csv,120.76517647058887,125.71861357466132,0.34911673026605256,0.21139971397339238,0.0,0.7467115449257038
./sensor_data_20250223_autoroute_1.csv,120.131775384616,124.22775746606403,0.4216889427321166,0.29889619593214983,0.0,0.9507607369101868
./sensor_data_20250223_autoroute_1.csv,114.46041266968382,123.22298280543053,0.3197503602248834,0.21957382279496673,0.0,1.108517259211379
./sensor_data_20250223_autoroute_1.csv,122.48975547511375,127.97442895927672,0.31493193711820555,0.3866453985298184,0.0,1.0867040917905881
./sensor_data_20250223_autoroute_1.csv,119.78426895927663,123.98015565610929,0.295320153396226,0.2673101888265279,0.0,0.5167239301874588
./sensor_data_20250223_autoroute_1.csv,121.2697958371047,125.0683004524894,0.30177444507187823,0.2028004770367491,0.0,0.8853571751777499
./sensor_data_20250223_autoroute_2.csv,120.84420144796442,124.59961628959346,0.2953206293294757,0.2525754955256856,0.0,0.62998663219137
./sensor_data_20250223_autoroute_2.csv,121.34852416289657,125.58604886877899,0.35125081294805893,0.20161769822715483,0.0,0.6012764059469987
./sensor_data_20250223_autoroute_2.csv,122.19157592760244,125.16649411764774,0.4083311161605706,0.27921019793600416,0.0,0.546908448610211
./sensor_data_20250223_autoroute_2.csv,121.6686161085979,124.61124705882422,0.3828208513547753,0.2811802580237288,0.0,0.4457251777634319
./sensor_data_20250223_autoroute_2.csv,121.99282081448027,124.9030588235301,0.34155245112994925,0.3513038792160029,0.0,0.8880989657401127
./sensor_data_20250223_autoroute_2.csv,122.0109645248875,125.41754932126767,0.4296253072872705,0.2779762833947561,0.0,0.8185049191984581
./sensor_data_20250223_autoroute_2.csv,118.47917067873362,122.1829411764705,0.3522042373977096,0.27103090816176006,0.0,0.3867566257272043
./sensor_data_20250223_autoroute_2.csv,116.51647276018161,119.99047601810022,0.41693381215373104,0.18148477053266485,0.0,0.44937680672267705
./sensor_data_20250223_autoroute_2.csv,118.95534244343955,125.35193484162966,0.3327552285241395,0.282388590594943,0.0,0.835763561732393
./sensor_data_20250223_autoroute_3.csv,118.17423257918611,120.64359095022692,0.34921289896184177,0.27059811587750726,0.0,0.5897758564964591
./sensor_data_20250223_autoroute_3.csv,117.36596904977438,122.97463167420882,0.37072045479912996,0.3613859325665407,0.0,0.9684675242404915
./sensor_data_20250223_autoroute_3.csv,118.21626009049835,122.48454298642602,0.3012965985257234,0.24051615123871412,0.0,0.7816743244990646
./sensor_data_20250223_autoroute_3.csv,117.1935739366522,126.96584253393736,0.2958090949273033,0.2672533129121925,0.0,1.3033639431157218
./sensor_data_20250223_autoroute_3.csv,113.53063384615442,123.47912036199165,0.3325985354339021,0.3052331142800863,0.0,1.0349578280542695
./sensor_data_20250223_autoroute_3.csv,119.16295710407302,124.54472036199164,0.44024783953628516,0.29917295407965977,0.0,0.8774851066580495
./sensor_data_20250223_autoroute_3.csv,120.68729466063412,126.32918009049843,0.4198572869993884,0.3677380548267847,0.0,1.508793968972245
./sensor_data_20250223_autoroute_3.csv,121.9063594570142,124.84018099547582,0.3638740724651952,0.30321224696723903,0.0,0.6678565998707051
./sensor_data_20250223_autoroute_3.csv,120.41016343891465,124.36827149321337,0.3434840506680926,0.32742089280793785,0.0,0.6267618875242261
./sensor_data_20250223_autoroute_4.csv,118.04431728506847,124.4488072398197,0.42355361999726454,0.2793289890882835,0.0,0.8716942921783783
./sensor_data_20250223_autoroute_4.csv,117.84700597285126,122.12481176470597,0.5160402193700875,0.22821330491623107,0.0,0.7700878668390522
./sensor_data_20250223_autoroute_4.csv,121.20405067873367,125.751705882353,0.4098080308150715,0.32392116887451183,0.0,0.5629145442792544
./sensor_data_20250223_autoroute_4.csv,120.9406255203626,127.52004705882351,0.43914651466692817,0.347507639341118,0.0,0.7378071751777326
./sensor_data_20250223_autoroute_4.csv,120.48525321267032,123.73639819004593,0.349253583193854,0.21870426957202532,0.0,0.5532755656108754
./sensor_data_20250223_autoroute_4.csv,121.40791945701419,125.18275113122243,0.39707954198839435,0.3205033065253206,0.0,0.6670329928894317
./sensor_data_20250223_autoroute_4.csv,122.82188126696896,125.6042932126704,0.3760533643471382,0.32270039868891254,0.0,0.8402178215901822
./sensor_data_20250223_autoroute_4.csv,118.81313447963859,129.81917647058833,0.4197130854114247,0.3076880940765854,0.0,0.9595539883645435
./sensor_data_20250223_autoroute_4.csv,123.0034948416296,130.21164162896,0.38656940648552435,0.40212344711477066,0.0,1.603301428571399
./sensor_data_20250228_secondaire.csv,15.116178461538544,36.73303167420835,0.6125054381069518,0.5017014163386394,13.333333333333334,3.6538563413057727
./sensor_data_20250228_secondaire.csv,18.3802000000001,44.76758009049799,0.6109213376249076,0.3420559478598727,22.22222222222222,3.6521676018099756
./sensor_data_20250228_secondaire.csv,7.36360000000004,42.286284162896166,0.5171643620843366,0.4114864553817359,67.22222222222223,2.3950342081448097
./sensor_data_20250228_secondaire.csv,3.755602895927621,17.5017665158372,0.5232414783193148,0.18658336514365012,37.22222222222222,2.543639405300594
./sensor_data_20250228_secondaire.csv,8.369742805429905,29.38857556561102,0.4552442243070384,0.18105355653354213,6.111111111111111,2.6125220685197332
./sensor_data_20250228_secondaire.csv,14.226363981900526,34.397918552036394,0.6158315282440598,0.2984864869724128,8.88888888888889,3.776088804137059
./sensor_data_20250228_secondaire.csv,10.159808687782855,34.977600000000045,0.49097140690752705,0.7363273398430356,7.777777777777778,3.2247245701357605
./sensor_data_20250228_secondaire.csv,50.7642622624437,72.12158552036239,0.5192924301116545,0.6594508270756289,0.0,3.481520433096331
./sensor_data_20250228_secondaire.csv,58.48261429864286,88.21883076923126,0.8080075436527202,0.25813949684699217,5.0,3.494464634777017
./sensor_data_20250228_secondaire.csv,43.759012307692544,75.08585391079511,0.6807427444076263,1.080223197399504,0.0,3.8571424111183115
./sensor_data_20250228_secondaire.csv,102.1993165610865,108.80037285067934,0.33142527897488505,0.3089096788896721,0.0,1.996113063994864
./sensor_data_20250228_secondaire.csv,102.91124000000055,107.0824072398196,0.2848432658834754,0.27087474844493076,0.0,1.0117310277957694
./sensor_data_20250228_secondaire.csv,102.96495782805482,107.39295203619969,0.27382740747602796,0.3924458064231936,0.0,1.026813807369086
./sensor_data_20250228_secondaire.csv,103.11879384615439,107.35906968325851,0.28180654331708793,0.592815532954787,0.0,0.9873623464770613
./sensor_data_20250228_secondaire.csv,102.77794932126749,107.61807420814539,0.29949128160054084,0.5415946531601057,0.0,1.0160864705882653
./sensor_data_20250228_secondaire.csv,98.97350805429916,107.33145882352932,0.40922520316442706,0.28161610104123913,0.0,1.4439581641887267
./sensor_data_20250228_secondaire.csv,104.46471963800957,107.83378099547572,0.3223743842457139,0.22892850336140255,0.0,0.8689221848739408
./sensor_data_20250228_secondaire.csv,102.24353212669735,105.683066063349,0.3221060330123489,0.24150384294907126,0.0,0.7669281577246364
./sensor_data_20250228_secondaire.csv,102.16853882352993,107.46026063348476,0.23319985585944467,0.6814698740472922,0.0,0.9685192630898531
./sensor_data_20250228_secondaire.csv,103.03633719457066,110.45858823529474,0.38218286231915355,0.46130556813682033,0.0,1.1711125080801603
./sensor_data_20250228_secondaire.csv,101.45938914027201,106.45682171945761,0.3547797497484561,0.3000646602861661,0.0,1.1810663154492316
./sensor_data_20250228_secondaire.csv,105.27992434389193,108.85588778280604,0.35969506222216296,0.3963117866672261,0.0,0.9350547769877181
./sensor_data_20250228_secondaire.csv,103.36428090497789,106.60813807369105,0.31430133707204955,0.5425382016523735,0.0,0.7110191402714664
./sensor_data_20250228_secondaire.csv,103.74261321267024,109.191844343892,0.3187878322618893,0.6970493535541948,0.0,0.7277209696186386
./sensor_data_20250228_secondaire.csv,110.9279902262449,123.3366515837111,0.4389843772274489,0.3383408693439935,0.0,2.239942533936631
./sensor_data_20250228_secondaire.csv,119.26814950226306,122.55564705882345,0.2623977784660409,0.34028254312234657,0.0,1.0702541305752769
./sensor_data_20250228_secondaire.csv,120.50293122172009,123.8939511312224,0.27231913318178613,0.2620720308630491,0.0,0.6138402844214287
./sensor_data_20250228_secondaire.csv,116.97446660633545,119.98454660633551,0.28221547521068124,0.3092882826585253,0.0,0.6118882546865276
./sensor_data_20250228_secondaire.csv,119.33694678733094,124.95473406593415,0.353345385084865,0.3528511305471097,0.0,0.7513830058177123
./sensor_data_20250228_secondaire.csv,121.55941049773816,125.25611945701428,0.37234748400617684,0.2411654079366689,0.0,0.835050943762149
./sensor_data_20250228_secondaire.csv,121.78649556561149,125.75845791855272,0.3057156352093649,0.47201517824043676,0.0,1.1390372850679071
./sensor_data_20250228_secondaire.csv,114.95122153846214,122.33725248868846,0.339075104841852,0.4651708113052157,0.0,1.684387679379453
./sensor_data_20250228_secondaire.csv,118.8473940271499,122.69070407239887,0.34768949171688396,0.6941761560958913,0.0,0.9810550872656797
./sensor_data_20250228_secondaire.csv,112.78557466063405,121.10289230769297,0.2471798128715449,0.5682771668482256,0.0,1.1972829734970811
./sensor_data_20250228_secondaire.csv,114.07884687782865,118.81355294117643,0.28067636823492836,0.6230571781523052,0.0,0.748244065934053
./sensor_data_20250228_secondaire.csv,92.29364723981948,111.45472941176533,0.5885545833577838,0.5511469335953758,0.0,3.4933381447964065
./sensor_data_20250228_secondaire.csv,79.07565013574701,102.25439999999992,0.47936144426361205,1.0130840551623521,0.0,2.6466437750484895
./sensor_data_20250228_secondaire.csv,74.60067058823567,90.46519819004575,0.27319047244495975,0.2342952008301858,0.0,1.5885386942469433
./sensor_data_20250228_secondaire.csv,36.8544552036201,71.82661357466104,0.5379079072990746,0.2697573979384644,8.333333333333332,3.6228815901745604
./sensor_data_20250228_secondaire.csv,2.796362352941191,16.099786425339456,0.3878901675487902,0.12376173880569372,38.333333333333336,2.1339384873949694
./sensor_data_20250228_secondaire.csv,4.930014117647083,18.529574660633585,0.35074785073313,0.15111896079948076,32.77777777777778,2.046697705235952
./sensor_data_20250228_secondaire.csv,3.8848081447964002,15.016886877828135,0.40212920885430725,0.15762592843660325,28.333333333333332,2.212829993535886
./sensor_data_20250228_secondaire.csv,5.453121085972879,17.162845248868877,0.49156082711533433,0.1124719430459773,32.22222222222222,2.49948137685845
./sensor_data_20250228_secondaire.csv,4.505542805429885,26.88529566903687,0.4388173824315553,0.11591486399607195,57.77777777777777,1.8072174272786097
./sensor_data_20250228_secondaire.csv,8.443193665158415,36.220072398190254,0.7103247590866315,0.166428770300469,55.00000000000001,2.610261292824833
./sensor_data_20250228_secondaire.csv,21.144176289592874,42.60738461538485,0.8586711699905645,0.49470566683517697,6.666666666666667,5.363639612152579
./sensor_data_20250228_secondaire.csv,21.441738280543092,43.77111312217219,0.769153522710836,0.6907508709907669,16.11111111111111,3.0104765998707426
./sensor_data_20250228_secondaire.csv,43.95389683257941,54.652333031674516,0.5906438165800182,1.117775388952431,0.0,2.7776704395604446
./sensor_data_20250228_secondaire.csv,65.91270461538495,78.34453574660678,0.49948171071960384,0.8653235788942969,0.0,1.8729223335488256
./sensor_data_20250228_secondaire.csv,79.94437285067914,87.8713737556566,0.46564472277562063,0.5650217789452971,0.0,1.0655416224951781
./sensor_data_20250228_secondaire.csv,36.13512126696851,75.18557647058822,0.6929575878880119,0.5500656923079738,4.444444444444445,4.470627123464778
./sensor_data_20250228_secondaire.csv,64.5889943891406,78.77718733031719,0.38931786424016296,0.4840285810529139,0.0,1.3543987071751895
./sensor_data_20250228_secondaire.csv,73.50556941176508,82.24312398190092,0.39312101971416874,0.8758572610256012,0.0,2.0417088041370364
./sensor_data_20250228_secondaire.csv,53.076337556561356,76.37988054298685,0.5617822026209717,1.1504661020460556,0.0,2.998208280542994
./sensor_data_20250302_secondaire_1.csv,4.336526153846178,40.32446334841651,0.4471519084350823,0.28254031867241675,24.444444444444443,2.1643166386554733
./sensor_data_20250302_secondaire_1.csv,0.02259656108597296,0.09285882352941166,0.02677351550528904,0.019526452144939307,0.0,0.010395442792501654
./sensor_data_20250302_secondaire_1.csv,7.894589502262478,48.234205559146766,0.42393927300329987,0.4358539190720364,0.0,1.8067751066580513
./sensor_data_20250302_secondaire_1.csv,34.517201809954926,49.05974117647056,0.8134313762288273,0.7024351344979556,0.0,3.4057531868131923
./sensor_data_20250302_secondaire_1.csv,47.81097013574685,59.843500452489025,1.1066415987362535,0.5882568191903378,0.0,2.217710555914697
./sensor_data_20250302_secondaire_1.csv,66.62860977375601,75.13819004524929,1.0830242340134766,0.6855170724749438,0.0,2.0693391467356386
./sensor_data_20250302_secondaire_1.csv,66.96747547511347,73.93842895927642,0.3647725190846217,0.23740232030257316,0.0,1.6265920103426101
./sensor_data_20250302_secondaire_1.csv,15.551170316742157,50.18575927601837,0.8157417040936302,0.47219766235844646,60.0,1.6157275113122276
./sensor_data_20250302_secondaire_1.csv,38.19573230769251,77.60091583710451,0.5198070204900083,0.5319341783007868,19.444444444444446,3.361368112475767
./sensor_data_20250302_secondaire_1.csv,79.75309846153887,87.15762895927651,0.7247283725329121,0.4183034637389332,0.0,1.3931529864253696
./sensor_data_20250302_secondaire_1.csv,67.12376832579221,86.1306027149326,0.8926542905289014,0.5148249667687225,0.0,1.8116398125404265
./sensor_data_20250302_secondaire_1.csv,37.31835348416309,48.78534298642561,0.7450271112192118,0.6703026638979445,0.0,2.350619405300601
./sensor_data_20250302_secondaire_1.csv,26.388190045249,45.80884343891429,0.8576478926848833,1.0451407808297097,2.2222222222222223,4.83883962508083
./sensor_data_20250302_secondaire_1.csv,16.308804705882434,39.509038914027364,0.855085973281459,0.7793487903352552,5.0,4.93651100193926
./sensor_data_20250302_secondaire_1.csv,17.715042714932224,39.17125791855226,0.34115795685076133,0.5818768288465609,31.666666666666664,2.6188155203620074
./sensor_data_20250302_secondaire_1.csv,40.54748108597306,75.02810497737599,0.5632806690463551,0.7070512651970013,6.111111111111111,3.7147918552036456
./sensor_data_20250302_secondaire_1.csv,72.58121520362029,85.35016599870725,0.32011870395187547,0.2841132947392127,0.0,1.3526804072398069
./sensor_data_20250302_secondaire_1.csv,75.66200959276058,86.47672398190093,0.9207543668881022,0.54105266325305,0.0,2.465406910148682
./sensor_data_20250302_secondaire_1.csv,87.05096687782851,92.87377737556614,0.6709507597049689,0.5729891072623149,0.0,1.9172538978668705
./sensor_data_20250302_secondaire_1.csv,103.46224253393719,120.94247239819072,0.8804457497564591,0.5999613470558257,0.0,2.482939004524899
./sensor_data_20250302_secondaire_1.csv,116.28803511312277,122.19308959276086,0.4483056571218896,0.4008176642510334,0.0,1.2435422947640993
./sensor_data_20250302_secondaire_1.csv,115.49898606334901,124.92377918552107,0.6814503485929473,0.3486118936572078,0.0,1.4740627860374997
./sensor_data_20250302_secondaire_1.csv,116.34061067873364,121.95695565610927,0.6996823501248229,0.39815167561701004,0.0,1.619987058823539
./sensor_data_20250302_secondaire_1.csv,121.35715022624497,124.07711131221788,0.6422063947680734,0.3829513598349041,0.0,0.6132255591467419
./sensor_data_20250302_secondaire_1.csv,121.58993737556624,126.8155221719464,0.5202745289136722,0.30906498326367204,0.0,0.772568946347745
./sensor_data_20250302_secondaire_1.csv,120.82810606334905,131.70966515837176,0.35455059710763953,0.43638925995865324,0.0,1.9555696574014272
./sensor_data_20250302_secondaire_1.csv,122.2224278733038,127.58706244343963,0.3452748815488793,0.2929246095443738,0.0,0.7276968778280631
./sensor_data_20250302_secondaire_2.csv,123.13665828054361,128.0006470588235,0.31804479313537976,0.30969317757885856,0.0,1.1527748351648055
./sensor_data_20250302_secondaire_2.csv,120.36981665158433,122.96361990950294,0.40109637382502994,0.3435304939784795,0.0,0.4723402714932518
./sensor_data_20250302_secondaire_2.csv,116.06542642533996,125.86984615384685,0.44860246673007786,0.3530496441588682,0.0,1.431367498383961
./sensor_data_20250302_secondaire_2.csv,106.08995855203673,117.4046986425346,0.6159736236006655,0.414356725953664,0.0,1.5210394440853374
./sensor_data_20250302_secondaire_2.csv,100.74444868778333,103.67257194570195,0.5264726344902508,0.3707250483267218,0.0,0.9216974014221226
./sensor_data_20250302_secondaire_2.csv,102.15745122172,105.50075294117704,0.6092348749305724,0.3368990198378084,0.0,0.8649770329670399
./sensor_data_20250302_secondaire_2.csv,106.51547819004578,109.20347511312278,0.27202711833247484,0.23305488480662567,0.0,0.5240117388493737
./sensor_data_20250302_secondaire_2.csv,105.80278045248924,112.12002895927664,0.4492127050321939,0.2996453044300461,0.0,0.8671011247576034
./sensor_data_20250302_secondaire_2.csv,104.36099058823582,109.93429140271556,0.6513152752028414,0.372803466911662,0.0,0.8026543568196486
./sensor_data_20250302_secondaire_2.csv,101.89649502262498,109.56575565610922,0.3613211129298524,0.36791379670574853,0.0,1.2110970782159103
./sensor_data_20250302_secondaire_2.csv,104.65485864253448,109.39404705882362,0.37611761422306783,0.25742794097002514,0.0,0.7601840142210515
./sensor_data_20250302_secondaire_2.csv,107.4618752941182,114.57109140271558,0.3939571809946808,0.2623538154434779,0.0,1.1983021784098276
./sensor_data_20250302_secondaire_2.csv,104.06191945701411,108.06571221719517,0.7083651234466941,0.39198431327392996,0.0,0.9624860892049513
./sensor_data_20250302_secondaire_2.csv,103.03875058823581,107.1374823529412,0.45421769098001047,0.2699580451491992,0.0,0.5983601616030728
./sensor_data_20250302_secondaire_2.csv,105.53973285067929,111.30769954751193,0.32283346095683507,0.27331130868051323,0.0,0.7879352359405364
./sensor_data_20250302_secondaire_2.csv,106.1023283257924,108.15902598577897,0.34837510409713485,0.23218891411514397,0.0,0.5295245507433738
./sensor_data_20250302_secondaire_2.csv,87.73215746606381,107.24865882353001,0.3926868938170037,0.6425611695037001,5.0,3.116839689722076
./sensor_data_20250302_secondaire_2.csv,37.926659185520556,88.67998914027199,0.9094729517660886,0.8002996434046545,25.0,3.449901952165512
./sensor_data_20250302_secondaire_2.csv,65.03045031674242,86.26942960568846,0.8978251043507312,0.6476962328926938,0.0,2.5472710277957313
./sensor_data_20250302_secondaire_2.csv,45.84709085972873,70.476734583064,0.7818308643953162,0.6071301395757992,0.0,2.4055252876535316
./sensor_data_20250302_secondaire_2.csv,35.008275475113294,50.67135203619937,0.48434383571026324,0.5612235477517009,6.111111111111111,3.6069202391726143
./sensor_data_20250302_secondaire_2.csv,22.324397466063456,48.577683257918814,0.7469639297912379,0.6086238407816773,7.777777777777778,3.405411952165504
./sensor_data_20250302_secondaire_2.csv,14.16576452488695,29.541143891402875,0.48192175727729947,0.5797068246740145,19.444444444444446,2.573561008403376
./sensor_data_20250302_secondaire_2.csv,11.395668597285125,27.364789140271643,0.43264185558908025,0.4937602579445601,10.0,2.760411544925676
./sensor_data_20250302_secondaire_2.csv,20.678408687782913,30.16524705882357,0.6180020017368838,0.5761828015675746,0.5555555555555556,3.235460465416952
./sensor_data_20250302_secondaire_2.csv,15.140743710407317,32.171163800905155,0.4744949104997802,0.5644461166643708,18.88888888888889,2.753550510665815
./sensor_data_20250302_secondaire_2.csv,0.0,0.0,0.2948714454967685,0.17874815754394596,100.0,0.0
./sensor_data_20250323_autoroute_1.csv,118.33029411764768,123.0161701357473,0.32362185788693465,0.28078398231682,0.0,0.8290296574013873
./sensor_data_20250323_autoroute_1.csv,119.18802751131285,126.06416470588246,0.3548314412938551,0.25973504178523515,0.0,0.6275216289592451
./sensor_data_20250323_autoroute_1.csv,119.7535797285074,126.96744705882344,0.39428829202699744,0.32108589037615415,0.0,1.1662146864899618
./sensor_data_20250323_autoroute_1.csv,119.46681936651645,122.6175882352941,0.3677670842731386,0.23372996773940913,0.0,0.5007702908855841
./sensor_data_20250323_autoroute_1.csv,119.38853701357527,122.63675294117715,0.2944878702865321,0.2291826841015455,0.0,0.5634295539754359
./sensor_data_20250323_autoroute_1.csv,119.94614389140334,122.14630588235362,0.3176098058228677,0.1994769131824427,0.0,0.3465063219134156
./sensor_data_20250323_autoroute_1.csv,120.44173846153907,124.40335927601879,0.37442614392447177,0.2332631159749771,0.0,0.4978300581771374
./sensor_data_20250323_autoroute_1.csv,117.14170280543047,124.55771945701426,0.4267782086630967,0.29114499185637976,0.0,1.033664647705206
./sensor_data_20250323_autoroute_1.csv,121.43680868778344,125.11905882353011,0.32082999134039847,0.21450946157185383,0.0,0.5347062572721445
./sensor_data_20250323_autoroute_1.csv,121.60634624434452,125.86873846153915,0.33186502266802037,0.2830113500032935,0.0,0.5861886813187193
./sensor_data_20250323_autoroute_1.csv,122.01953194570198,125.106906787331,0.2632931384800258,0.23699445862070673,0.0,0.6749996250807677
./sensor_data_20250323_autoroute_1.csv,120.80239475113186,125.68075656108668,0.29296007633786453,0.19077309480214633,0.0,0.6217525662572788
./sensor_data_20250323_autoroute_1.csv,122.12584180995538,125.662056108598,0.36186274942603414,0.3013877830033119,0.0,0.6574529217840648
./sensor_data_20250323_autoroute_1.csv,120.41936416289657,123.79074027149389,0.31737482266644135,0.1658832287083939,0.0,0.41305246283130076
./sensor_data_20250323_autoroute_2.csv,121.27961647058886,126.30885067873373,0.43823624911164566,0.20960298436535155,0.0,0.6252269489334575
./sensor_data_20250323_autoroute_2.csv,119.60700723981962,124.22003619909572,0.32161432859065614,0.27644551519181365,0.0,0.6728031286361121
./sensor_data_20250323_autoroute_2.csv,118.79078733031737,121.46817013574729,0.2721419520405756,0.16201451375230155,0.0,0.4418062184873631
./sensor_data_20250323_autoroute_2.csv,120.06594280543048,122.96792036199164,0.3068331134696284,0.24431344899197968,0.0,0.6054226696832481
./sensor_data_20250323_autoroute_2.csv,121.35482823529476,123.73147873303236,0.3058727280203107,0.2631826752747861,0.0,0.374905578539147
./sensor_data_20250323_autoroute_2.csv,119.47267203619971,124.61411402715001,0.2961637268299741,0.3214676084719174,0.0,0.640201163542339
./sensor_data_20250323_autoroute_2.csv,119.36216542986489,122.16642352941173,0.41481070341209797,0.16563570612722553,0.0,0.43217675500966235
./sensor_data_20250323_autoroute_2.csv,119.49441122172007,122.0128289592767,0.3047158323829279,0.2518248018681907,0.0,0.6587685455721128
./sensor_data_20250323_autoroute_2.csv,117.2103511312223,122.17139185520429,0.2606154430424011,0.2727925229873446,0.0,0.4297800258564959
./sensor_data_20250323_autoroute_2.csv,115.46445918552097,122.26705365223019,0.27177538378098504,0.2491918844084391,0.0,1.2981161603102558
./sensor_data_20250323_autoroute_2.csv,114.76039022624497,122.03035656108665,0.3344637753888382,0.3700373586592527,0.0,0.9387702003878649
./sensor_data_20250323_autoroute_2.csv,118.36143855203682,124.96681628959348,0.23235213392693926,0.3055475015820981,0.0,1.0655072656754998
./sensor_data_20250323_autoroute_2.csv,121.01135837104137,123.9774515837111,0.28643385359141543,0.292894878274244,0.0,0.5704712863607367
./sensor_data_20250323_autoroute_2.csv,117.33798570135805,124.70184977375635,0.2862080979639137,0.3091794363036442,0.0,1.1861378345184612
./sensor_data_20250323_autoroute_3.csv,117.99685339366576,121.61075526826119,0.33018896953956395,0.1743816928714373,0.0,0.5141780672269013
./sensor_data_20250323_autoroute_3.csv,117.93171819004586,127.07830588235363,0.2908085584599663,0.34398569252576006,0.0,0.7308789010989165
./sensor_data_20250323_autoroute_3.csv,116.53161067873363,121.48905339366583,0.27585470589428285,0.23073991858817375,0.0,0.6555773173884974
./sensor_data_20250323_autoroute_3.csv,121.55143149321329,123.44204524886946,0.2335530568310493,0.22725514090427676,0.0,0.4849947252747618
./sensor_data_20250323_autoroute_3.csv,120.06586009049836,125.22093393665227,0.28388078150251767,0.31050554292152077,0.0,0.5735319974143483
./sensor_data_20250323_autoroute_3.csv,118.44328832579247,121.30380814479705,0.323782967911692,0.21208979209560927,0.0,0.43661486748548817
./sensor_data_20250323_autoroute_3.csv,118.51840778280602,123.48899185520432,0.24891756284429647,0.23947393230066477,0.0,0.5264798577892446
./sensor_data_20250323_autoroute_3.csv,121.86093158371101,125.63188778280613,0.2428269546377533,0.18999323446197308,0.0,0.4420596767938006
./sensor_data_20250323_autoroute_3.csv,120.17581647058886,124.24137556561155,0.2590456601932029,0.3416349414076062,0.0,0.9334470135746646
./sensor_data_20250323_autoroute_3.csv,117.39541339366575,123.13736470588246,0.27987308395910776,0.24531321930294556,0.0,1.0026058823529502
./sensor_data_20250323_autoroute_3.csv,120.07015728506849,124.18993303167491,0.30366235233240824,0.30331092671982923,0.0,0.8118412346476809
./sensor_data_20250323_autoroute_3.csv,122.7832866968332,125.73558733031743,0.265224908065002,0.24559666013046993,0.0,0.7169386813187218
./sensor_data_20250323_autoroute_3.csv,119.6511556561092,123.53909864253464,0.28426737055291496,0.27020946731384105,0.0,0.8161961344537837
./sensor_data_20250323_autoroute_3.csv,120.55886805429925,125.1356742081455,0.2707089399857489,0.35028265228583394,0.0,0.7846215772462861
./sensor_data_20250323_autoroute_4.csv,121.88869628959336,125.38396018099616,0.32024560857720796,0.22083370923898918,0.0,0.557823723335487
./sensor_data_20250323_autoroute_4.csv,122.12449285067937,124.74228054298712,0.30249382727144564,0.21738876146977837,0.0,0.3913639495798282
./sensor_data_20250323_autoroute_4.csv,123.22126244343954,128.7161266968333,0.36888311306360816,0.2400494005885166,0.0,0.6063133290239361
./sensor_data_20250323_autoroute_4.csv,122.70565936651647,127.31942443438984,0.31970495999982357,0.2603970525146412,0.0,0.6563067226890785
./sensor_data_20250323_autoroute_4.csv,119.41801936651646,123.43038190045317,0.23120387884103052,0.1762610194751386,0.0,0.5016247058823649
./sensor_data_20250323_autoroute_4.csv,118.14202805429925,120.90129230769298,0.2384440611512871,0.24472898624693962,0.0,0.7923563025210112
./sensor_data_20250323_autoroute_4.csv,117.44666787330377,119.95792941176478,0.27707614820030574,0.19215416461920315,0.0,0.5653174466709419
./sensor_data_20250323_autoroute_4.csv,116.95786606334902,120.11152514544278,0.32509176214992574,0.17907937212517286,0.0,0.4437748028442243
./sensor_data_20250323_autoroute_4.csv,118.16435438914087,123.17779547511383,0.25342278676790325,0.25586586387478344,0.0,0.9645310407239931
./sensor_data_20250323_autoroute_4.csv,118.65682841629018,122.85790045248936,0.3059898560730339,0.2883475059643942,0.0,1.0475983968971962
./sensor_data_20250323_autoroute_4.csv,117.55181484162955,120.91142443438982,0.27355532474439564,0.21381360953742487,0.0,0.4578592630898731
./sensor_data_20250323_autoroute_4.csv,117.92525484162955,124.59564162895998,0.25615500900744864,0.31148023843367295,0.0,1.101245268261127
./sensor_data_20250323_autoroute_4.csv,117.43882171945762,120.44218642534005,0.2203186118016992,0.3207787689784682,0.0,0.6413459405300724
./sensor_data_20250323_autoroute_4.csv,118.3794662443445,122.66188778280548,0.3106027349721418,0.193621221663013,0.0,0.7367981512604852
./sensor_data_20250328_secondaire_1.csv,70.29762624434424,89.80553484162947,0.7411254216352083,0.5986947092063104,0.0,2.5099193406593607
./sensor_data_20250328_secondaire_1.csv,81.4714371040728,108.20657647058835,1.3557743201180346,0.5513872035316584,0.0,2.9925548998060885
./sensor_data_20250328_secondaire_1.csv,104.87134009049828,108.33051583710467,0.3628298760384174,0.27404097037209596,0.0,0.6636359469941782
./sensor_data_20250328_secondaire_1.csv,103.00888941176525,106.72426425339425,0.21311110558118873,0.2942444494216131,0.0,0.8943557789269867
./sensor_data_20250328_secondaire_1.csv,102.47039475113175,105.24813393665217,0.19391849587573667,0.32767632657775086,0.0,0.8579793018745908
./sensor_data_20250328_secondaire_2.csv,102.88797556561141,106.41583710407298,0.4823891449479223,0.19862772265548806,0.0,0.5387381060116141
./sensor_data_20250328_secondaire_2.csv,103.45896669683312,108.40923529411775,0.33430502657741956,0.29103509431287844,0.0,0.4458839754362985
./sensor_data_20250328_secondaire_2.csv,104.75448579185573,108.4854624434395,0.27137430795578255,0.31454230152882834,0.0,0.7012946218487517
./sensor_data_20250328_secondaire_2.csv,88.62257520362039,102.91579004524945,0.37285814745562734,0.4876184901966918,0.0,2.171274945054981
./sensor_data_20250328_secondaire_2.csv,72.9655976470592,84.93103710407286,0.29778763024093247,0.28930760186593524,0.0,1.7210253587589033
./sensor_data_20250328_secondaire_3.csv,70.29762624434424,89.80553484162947,0.7411254216352083,0.5986947092063104,0.0,2.5099193406593607
./sensor_data_20250328_secondaire_3.csv,81.4714371040728,108.20657647058835,1.3557743201180346,0.5513872035316584,0.0,2.9925548998060885
./sensor_data_20250328_secondaire_3.csv,104.87134009049828,108.33051583710467,0.3628298760384174,0.27404097037209596,0.0,0.6636359469941782
./sensor_data_20250328_secondaire_3.csv,103.00888941176525,106.72426425339425,0.21311110558118873,0.2942444494216131,0.0,0.8943557789269867
./sensor_data_20250328_secondaire_3.csv,102.47039475113175,105.24813393665217,0.19391849587573667,0.32767632657775086,0.0,0.8579793018745908
./sensor_data_20250328_secondaire_3.csv,102.73302425339419,105.37099004524944,0.6973996449689748,0.31219032016859904,0.0,0.6646478862314217
./sensor_data_20250328_secondaire_3.csv,103.14975891402767,106.41583710407298,0.4279734781875497,0.255996593863731,0.0,0.5364258694246896
./sensor_data_20250328_secondaire_3.csv,104.1017464253399,107.64837285067932,0.2815283046256317,0.31202211501832033,0.0,0.49742826761475695
./sensor_data_20250328_secondaire_3.csv,103.97241773755711,108.4854624434395,0.2670042339212457,0.2958828386484714,0.0,0.6067615126050758
./sensor_data_20250328_secondaire_3.csv,77.97847312217233,101.77809230769287,0.42253687433488,0.5161617075708214,0.0,2.7289319844861057
./sensor_data_20250328_secondaire_3.csv,78.07776307692349,84.93103710407286,0.3107235450748145,0.2823532097056967,0.0,1.3548090627020122
./sensor_data_20250330_secondaire_1.csv,69.57548959276053,74.727333936652,0.2108771785606047,0.24575457331500833,0.0,0.8619529541047443
./sensor_data_20250330_secondaire_1.csv,75.00050171945739,79.36533936651628,0.2847489041314501,0.3059129681962426,0.0,0.8590102908856115
./sensor_data_20250330_secondaire_1.csv,77.61676343891443,82.83280723981946,0.22389490090944789,0.23612057404443174,0.0,1.0347382223658728
./sensor_data_20250330_secondaire_1.csv,73.57800651583749,79.22361990950232,0.2782665675115577,0.2912744704875306,0.0,1.1378948868778116
./sensor_data_20250330_secondaire_1.csv,85.76536144796424,105.54172941176472,0.4126399034859134,0.41051507928063047,0.0,1.4929860310277998
./sensor_data_20250330_secondaire_1.csv,99.81734352941227,104.33763529411759,0.32607820172088375,0.2989217743195768,0.0,1.031037291531979
./sensor_data_20250330_secondaire_1.csv,103.29055402714985,108.67429140271554,0.2811621770368953,0.33959804623805595,0.0,0.7407353587589051
./sensor_data_20250330_secondaire_1.csv,105.33580941176523,107.31075475113181,0.29285008020635794,0.26803660892417425,0.0,0.6127140917905525
./sensor_data_20250330_secondaire_1.csv,102.5415151131227,108.04450316742142,0.4026291697698678,0.37222886578787345,0.0,1.120913613445409
./sensor_data_20250330_secondaire_1.csv,103.83623855203672,112.21828778280604,0.3661535515484428,0.22557903133551407,0.0,0.6400401034260073
./sensor_data_20250330_secondaire_1.csv,108.37913737556616,112.19808868778344,0.30746177784670775,0.18010976662692899,0.0,0.8034002714932172
./sensor_data_20250330_secondaire_2.csv,69.57548959276053,74.727333936652,0.2108771785606047,0.24575457331500833,0.0,0.8619529541047443
./sensor_data_20250330_secondaire_2.csv,75.00050171945739,79.36533936651628,0.2847489041314501,0.3059129681962426,0.0,0.8590102908856115
./sensor_data_20250330_secondaire_2.csv,77.61676343891443,82.83280723981946,0.22389490090944789,0.23612057404443174,0.0,1.0347382223658728
./sensor_data_20250330_secondaire_2.csv,73.57800651583749,79.22361990950232,0.2782665675115577,0.2912744704875306,0.0,1.1378948868778116
./sensor_data_20250330_secondaire_2.csv,85.76536144796424,105.54172941176472,0.4126399034859134,0.41051507928063047,0.0,1.4929860310277998
./sensor_data_20250330_secondaire_3.csv,102.4895936651589,108.67429140271554,0.3054428132164928,0.31626166528488503,0.0,0.6804447317388439
./sensor_data_20250330_secondaire_3.csv,105.95016904977432,107.31075475113181,0.27494677581515387,0.23863411364053366,0.0,0.5531859728506786
./sensor_data_20250330_secondaire_3.csv,102.52919981900506,108.04450316742142,0.37797722969836933,0.3558143821772799,0.0,1.0579186942469048
./sensor_data_20250330_secondaire_3.csv,102.30830606334894,107.03757828054357,0.38251615078794365,0.24020926162029507,0.0,0.731856212023282
./sensor_data_20250330_secondaire_3.csv,108.48022298642589,112.21828778280604,0.32101956806186394,0.19917329792838723,0.0,0.7663955850032373
