Location-lat,Location-long,Speed,Accelerometer-X,Accelerometer-Y,Accelerometer-Z
49.493788,4.352078,16.76,9.1,-1.26,-3.23
49.49365,4.351957,16.92,8.8,0.43,-4.1
49.49365,4.351957,16.92,8.5,-0.79,-4.15
49.493507,4.351839,17.19,8.49,-0.06,-4.34
49.493507,4.351839,17.19,8.79,-0.92,-4.38
49.493368,4.351723,17.39,9.07,-0.39,-4.12
49.493368,4.351723,17.39,9.28,-0.15,-4.26
49.493233,4.35161,17.57,8.84,-0.47,-3.72
49.493233,4.35161,17.57,9.08,-0.11,-3.05
49.493095,4.351489,17.72,8.26,0.02,-4.25
49.493095,4.351489,17.72,8.85,-0.37,-4.65
49.492958,4.351368,17.71,9.04,-0.4,-4.12
49.492958,4.351368,17.71,7.99,0.48,-4.95
49.49282,4.351247,17.86,8.11,0.14,-4.61
49.49282,4.351247,17.86,8.79,0.11,-4.32
49.492672,4.351117,18.01,8.62,-0.8,-2.72
49.492672,4.351117,18.01,8.76,-0.3,-3.63
49.492527,4.351003,18.02,8.47,0,-3.09
49.492527,4.351003,18.02,8.81,-0.37,-4.14
49.492383,4.350881,18.09,7.51,0.68,-4.45
49.492383,4.350881,18.09,9.69,-0.8,-3.82
49.492242,4.350766,18.17,7.84,-1.2,-3.39
49.492242,4.350766,18.17,9.64,-0.79,-4.07
49.492103,4.350652,18.31,8.76,-0.36,-4.8
49.492103,4.350652,18.31,9.12,-0.05,-4.11
49.491966,4.350535,18.48,8.09,-0.31,-3.58
49.491966,4.350535,18.48,9.61,0.07,-4.34
49.491822,4.350415,18.58,7.77,-0.39,-4.14
49.491822,4.350415,18.58,8.65,0.04,-4.25
49.491674,4.35029,18.73,7.69,-0.6,-3.99
49.491521,4.350161,18.78,8.85,0.91,-3.7
49.491521,4.350161,18.78,8.52,-0.95,-3.5
49.491371,4.350033,18.8,8.88,0.46,-3.84
49.491371,4.350033,18.8,9.3,-0.9,-4.48
49.491225,4.349908,18.66,7.84,-0.07,-3.38
49.491225,4.349908,18.66,9.86,-0.93,-3.17
49.491076,4.349784,18.67,9.78,-2.09,-4.46
49.491076,4.349784,18.67,8.73,-0.81,-3.17
49.490927,4.34966,18.81,9.86,0.2,-4.31
49.490927,4.34966,18.81,8.06,-0.3,-3.47
49.490776,4.349535,19.03,8.91,-0.32,-2.91
49.490776,4.349535,19.03,9.49,-1.11,-3.21
49.490633,4.349411,19.19,9.88,-0.49,-3.97
49.490633,4.349411,19.19,9.24,1.06,-4.05
49.490482,4.349271,19.21,9.13,-0.81,-3.82
49.490482,4.349271,19.21,10.68,0.41,-4.06
49.49033,4.34912,19.48,10.13,-1.63,-2.25
49.49033,4.34912,19.48,7.63,-0.66,-4.27
49.490183,4.348973,19.57,8.54,-0.81,-4.13
49.490183,4.348973,19.57,10.12,-1.1,-3.7
49.490038,4.348821,19.63,8.17,-1.29,-3.65
49.490038,4.348821,19.63,9.35,-0.16,-3.41
49.489895,4.348669,19.81,9.62,0.31,-3.37
49.489895,4.348669,19.81,8.78,-0.75,-4.3
49.489754,4.348503,19.94,8.95,-0.42,-4.69
49.489754,4.348503,19.94,8.78,-0.08,-3.79
49.489621,4.348329,20.2,7.86,-0.38,-3.26
49.489621,4.348329,20.2,9.01,-0.89,-3.63
49.489487,4.348153,20.34,8.56,-0.98,-3.34
49.489487,4.348153,20.34,8.26,-0.17,-4.17
49.489349,4.347967,20.55,9.63,-0.78,-3.83
49.489349,4.347967,20.55,9.36,0.23,-3.98
49.489213,4.34777,20.62,8.46,-0.41,-3.48
49.489213,4.34777,20.62,9.76,-0.05,-3.84
49.489076,4.347584,20.59,8.29,-0.51,-4.11
49.489076,4.347584,20.59,9.74,-0.56,-4.11
49.488935,4.347397,20.75,8.89,-0.68,-4.17
49.488935,4.347397,20.75,9.66,-0.38,-3.44
49.488795,4.347207,20.73,8.92,0.16,-4.31
49.488795,4.347207,20.73,8.98,-0.46,-3.63
49.488654,4.347017,20.71,8.14,0.23,-3.35
49.488654,4.347017,20.71,10.45,0.34,-4.03
49.488515,4.346823,20.81,9.37,-0.56,-4.16
49.488373,4.34663,20.75,9.66,0.08,-2.9
49.488373,4.34663,20.75,8.47,0.41,-4.35
49.488237,4.346431,20.7,8.56,-0.21,-4.05
49.488237,4.346431,20.7,9.08,0.11,-3.58
49.488098,4.346237,20.65,8.32,-0.52,-4.19
49.488098,4.346237,20.65,8,-0.21,-2.9
49.487958,4.346045,20.64,9.23,0.53,-3.88
49.487958,4.346045,20.64,8.57,0.16,-3.8
49.487818,4.345854,20.66,8.82,0.08,-4.19
49.487818,4.345854,20.66,8.96,-0.48,-4.08
49.48768,4.345666,20.58,8.56,0.4,-4.2
49.48768,4.345666,20.58,9.37,0.54,-4.1
49.487541,4.345477,20.35,8.51,-0.35,-3.49
49.487541,4.345477,20.35,9.91,1.1,-3.62
49.487407,4.345287,20.31,8.26,-0.57,-3.94
49.487407,4.345287,20.31,8.23,-1.12,-4.58
49.48727,4.345099,20.26,8.63,0.52,-3.33
49.48727,4.345099,20.26,8.91,-0.54,-4.53
49.487136,4.34491,20.1,8.24,-0.28,-4.02
49.487136,4.34491,20.1,10.15,0.11,-3.88
49.487004,4.344717,19.94,8.52,0.81,-3.62
49.487004,4.344717,19.94,8.6,-0.11,-3.79
49.486871,4.344532,19.52,8.25,-0.86,-4.3
49.486871,4.344532,19.52,9.27,0.43,-3.75
49.486739,4.344353,19.44,8.35,-0.03,-3.97
49.486739,4.344353,19.44,9.26,0.59,-3.59
49.486609,4.344175,19.19,8.26,0.56,-3.85
49.486609,4.344175,19.19,8.56,0.33,-2.98
49.48648,4.344005,18.98,8.94,-0.22,-3.33
49.48648,4.344005,18.98,8.62,-0.25,-4.11
49.486355,4.343828,19.01,8.86,-0.55,-4.36
49.486355,4.343828,19.01,8.45,0.61,-3.68
49.486229,4.343652,18.81,9.39,-0.36,-4.53
49.486229,4.343652,18.81,8.26,0.01,-4.35
49.486105,4.343478,18.51,7.99,0.69,-3.99
49.486105,4.343478,18.51,8.38,1.14,-4.52
49.485983,4.343309,18.31,9.16,-0.2,-3.95
49.485983,4.343309,18.31,9.51,-0.03,-4.34
49.485862,4.343139,18.15,8.95,-0.36,-3.09
49.485862,4.343139,18.15,8.52,-0.1,-4.53
49.48574,4.342966,18.26,9.23,-0.67,-4.3
49.48574,4.342966,18.26,7.83,0.02,-3.7
49.485617,4.342791,18.47,8.4,-0.78,-4.01
49.485494,4.342618,18.58,8.64,-0.45,-4.86
49.485494,4.342618,18.58,8.9,0.49,-4.06
49.485372,4.342444,18.78,9.34,-0.89,-4.54
49.485372,4.342444,18.78,8.42,-0.02,-4.08
49.485248,4.34227,18.99,9.47,-1.23,-3.52
49.485248,4.34227,18.99,8.64,0.3,-3.61
49.48512,4.342096,18.95,8.66,0.68,-3.54
49.48512,4.342096,18.95,8.76,-0.35,-4.77
49.484992,4.341919,19.01,9.32,0.12,-4.13
49.484992,4.341919,19.01,8.71,0.58,-4.13
49.48487,4.341739,18.97,8.7,-0.12,-4.21
49.48487,4.341739,18.97,9.38,-0.87,-4.23
49.484742,4.341567,18.96,9.57,-0.81,-4.27
49.484742,4.341567,18.96,8.33,-0.32,-3.66
49.484611,4.341397,18.95,8.98,-0.63,-3.66
49.484611,4.341397,18.95,8.84,-0.58,-3.67
49.484482,4.341225,18.97,9.03,0.09,-3.67
49.484482,4.341225,18.97,9.72,0.57,-3.78
49.48436,4.341049,18.99,8.97,0.17,-3.56
49.48436,4.341049,18.99,8.59,0.07,-3.58
49.484239,4.340869,19.02,8.24,0.8,-4.32
49.484239,4.340869,19.02,8.49,-0.6,-4.14
49.484112,4.340686,19.23,10.03,-0.96,-3.39
49.484112,4.340686,19.23,9.48,0.86,-3.82
49.483981,4.340506,19.29,9.33,-1.38,-3.45
49.483981,4.340506,19.29,8.72,-0.37,-3.77
49.483851,4.340322,19.39,8.8,-1.26,-3.45
49.483851,4.340322,19.39,8.03,-0.8,-4.21
49.483721,4.340144,19.48,7.92,-0.3,-4.33
49.483721,4.340144,19.48,9.56,-0.23,-4.06
49.483594,4.339961,19.51,9.81,1.04,-3.73
49.483594,4.339961,19.51,8.19,-0.11,-4.03
49.483464,4.339774,19.66,8.07,-0.84,-3.37
49.483464,4.339774,19.66,7.88,-1.36,-4.15
49.483334,4.339589,19.78,10.02,0.37,-4.25
49.483334,4.339589,19.78,8.67,-0.67,-3.78
49.483204,4.339403,19.93,8.56,0.47,-4.3
49.483204,4.339403,19.93,8.3,0.2,-4.53
49.483067,4.339218,19.98,8.06,-0.03,-4.02
49.483067,4.339218,19.98,10.51,0.5,-3.02
49.482931,4.339033,20.06,9.15,0.54,-3.24
49.482794,4.338849,20.02,9.51,-0.23,-4.39
49.482794,4.338849,20.02,8.29,-0.68,-3.61
49.482659,4.338661,20.09,8.07,-0.7,-3.82
49.482659,4.338661,20.09,9.28,-0.16,-3.23
49.482527,4.338473,20.25,7.97,-0.11,-3.61
49.482527,4.338473,20.25,8.83,-0.74,-3.74
49.482391,4.338286,20.25,9,-0.68,-3.73
49.482391,4.338286,20.25,8.79,0.63,-3.25
49.482257,4.3381,20.15,8.95,0.32,-3.88
49.482257,4.3381,20.15,10.04,0.21,-3.83
49.482123,4.337911,20.11,9.3,-0.18,-4.11
49.482123,4.337911,20.11,9.2,-0.18,-4.66
49.481989,4.337728,20.07,7.69,0.16,-4.02
49.481989,4.337728,20.07,8.52,-0.74,-4.18
49.481856,4.337544,20.02,8.86,0.45,-3.5
49.481856,4.337544,20.02,9.24,-1.09,-5.03
49.481721,4.337363,19.93,8.82,0.86,-3.51
49.481721,4.337363,19.93,9.05,-0.13,-3.61
49.481586,4.337179,19.79,9.2,-1.08,-4.23
49.481586,4.337179,19.79,8.87,0.44,-2.97
49.481453,4.336994,19.81,9.6,-1.54,-3.85
49.481453,4.336994,19.81,8.69,0.24,-4.53
49.481325,4.33681,19.69,8.94,-1.15,-4.04
49.481325,4.33681,19.69,11.07,-0.95,-3.28
49.481195,4.336627,19.59,9.54,0.7,-4.25
49.481195,4.336627,19.59,9.27,0.2,-4.2
49.481065,4.336444,19.65,9.73,-0.58,-4.07
49.481065,4.336444,19.65,8.98,-0.74,-4.03
49.480935,4.336262,19.68,8.12,-0.03,-3.79
49.480935,4.336262,19.68,9.11,-1.16,-3.66
49.480803,4.336083,19.87,8.8,0.29,-3.62
49.480803,4.336083,19.87,9,-0.01,-4.36
49.480671,4.335897,20.01,9.2,-0.57,-4.25
49.480671,4.335897,20.01,8.81,-0.24,-3.47
49.48054,4.335707,20.03,9.36,-0.02,-3.23
49.48054,4.335707,20.03,9.98,0.46,-3.9
49.480406,4.335518,20.04,8.44,-0.12,-3.32
49.480406,4.335518,20.04,8.94,0.73,-3.1
49.480274,4.33533,20,9.39,-0.53,-4.31
49.480274,4.33533,20,8.2,-0.02,-3.62
49.480141,4.335149,20.13,8.71,1.19,-3.31
49.480141,4.335149,20.13,8.7,-0.76,-3.74
49.480005,4.334966,20.03,9.07,-0.91,-4.13
49.479872,4.334776,19.94,9.49,-0.84,-3.62
49.479872,4.334776,19.94,8.4,0.03,-3.27
49.479739,4.334586,20.01,8.99,0.08,-4.5
49.479739,4.334586,20.01,9.51,0.36,-3.31
49.479608,4.334393,20.2,8.55,-0.09,-4.18
49.479608,4.334393,20.2,7.97,0.12,-3.16
49.479473,4.334205,20.33,9.4,-0.53,-3.39
49.479473,4.334205,20.33,9,0.06,-3.21
49.479335,4.334021,20.45,8.97,-0.22,-4.15
49.479335,4.334021,20.45,9.18,-0.57,-3.53
49.479196,4.333833,20.54,8.72,0.07,-3.93
49.479196,4.333833,20.54,8.87,-0.04,-4.06
49.479059,4.333643,20.57,9.31,-0.69,-3.43
49.479059,4.333643,20.57,8.29,-0.38,-3.91
49.478921,4.333453,20.56,8.96,-0.42,-3.27
49.478921,4.333453,20.56,8.26,-0.71,-4.22
49.478787,4.333264,20.71,8.16,-0.83,-3.82
49.478787,4.333264,20.71,7.63,1.46,-3.64
49.478652,4.333073,20.75,8.78,0.6,-3.66
49.478652,4.333073,20.75,8.36,0.63,-3.77
49.478512,4.332887,20.56,8.85,-0.19,-4.08
49.478512,4.332887,20.56,8.24,-0.16,-3.23
49.478374,4.332692,20.66,8.89,0.23,-4.23
49.478374,4.332692,20.66,8.8,-0.07,-3.91
49.478243,4.332499,20.66,9.67,-0.57,-3.35
49.478243,4.332499,20.66,10.16,-0.46,-4.41
49.478109,4.332305,20.77,8.42,-0.37,-3.51
49.478109,4.332305,20.77,9.39,-0.31,-3.83
49.477969,4.33211,21.07,9.18,-0.51,-4.29
49.477969,4.33211,21.07,9.38,0.37,-4.19
49.477831,4.331914,20.96,8.22,0.91,-3.91
49.477831,4.331914,20.96,9,0.23,-3.34
49.477693,4.33172,20.86,9.34,0.34,-3.71
49.477693,4.33172,20.86,9.85,-0.87,-3.8
49.477555,4.331522,21.16,10.05,0.52,-3.38
49.477555,4.331522,21.16,8.61,-0.37,-4.28
49.477413,4.33132,21.18,8.63,0.36,-4
49.477413,4.33132,21.18,9.66,0.67,-3.52
49.477268,4.331125,21.2,8.47,-0.07,-3.71
49.477124,4.330926,21.45,9.17,-0.57,-3.96
49.477124,4.330926,21.45,9.73,-0.18,-3.34
49.476979,4.330718,21.82,9.06,-0.37,-4.57
49.476979,4.330718,21.82,8.91,0.15,-3.77
49.476835,4.330511,22.05,8.65,0.38,-3.48
49.476835,4.330511,22.05,8.15,1.52,-4.14
49.476693,4.330306,21.75,9.26,0.88,-3.89
49.476693,4.330306,21.75,8.47,0.22,-3.67
49.476553,4.330103,21.64,8.29,-0.18,-3.67
49.476553,4.330103,21.64,9.2,0.69,-3.73
49.476408,4.329895,21.64,9.41,1.2,-4.17
49.476408,4.329895,21.64,9.74,0.72,-3.54
49.476267,4.329699,21.27,8.2,1.94,-3.3
49.476267,4.329699,21.27,9.65,0.21,-5
49.476127,4.329508,20.97,9.53,0.23,-3.39
49.476127,4.329508,20.97,9.64,0.68,-4.56
49.475995,4.329317,20.52,8.14,1.24,-3.9
49.475995,4.329317,20.52,9.35,-0.55,-4.2
49.475864,4.329126,20.53,8.17,0.37,-3.66
49.475864,4.329126,20.53,9.34,1.06,-3.73
49.475732,4.328933,20.46,9.36,1.38,-3.86
49.475732,4.328933,20.46,9.16,1.31,-3.22
49.475594,4.328743,20.17,7.48,-0.14,-4.11
49.475594,4.328743,20.17,8.88,0.71,-3.38
49.475457,4.328556,20.12,8.79,1.01,-3.31
49.475457,4.328556,20.12,7.96,-0.02,-4.06
49.475326,4.328365,20.21,8.97,0.12,-3.84
49.475326,4.328365,20.21,8.14,1.2,-4.03
49.47519,4.328179,20.1,8.94,1,-3.32
49.47519,4.328179,20.1,9.28,-0.4,-4.01
49.475054,4.327988,19.99,8.05,-0.14,-4.87
49.475054,4.327988,19.99,9.03,0.94,-4.12
49.474921,4.327807,20.05,7.52,-0.55,-4.84
49.474921,4.327807,20.05,9.82,0.68,-3.65
49.474793,4.327623,20.01,9.58,0.65,-3.24
49.474793,4.327623,20.01,8.5,1.06,-3.57
49.474662,4.327429,19.96,9.54,-0.77,-3.23
49.474662,4.327429,19.96,8.73,0.78,-3.51
49.47453,4.327235,19.92,8.58,-0.51,-4.47
49.47453,4.327235,19.92,8.26,0.59,-3.84
49.474405,4.327036,20.03,8.86,0.26,-3.95
49.474405,4.327036,20.03,8.74,-0.29,-3.96
49.474277,4.326837,20.03,8,0.53,-4.33
49.474154,4.326641,19.99,8.82,2.25,-3.31
49.474154,4.326641,19.99,8.01,1.4,-4.16
49.474027,4.326446,19.9,8.81,0.54,-4.08
49.474027,4.326446,19.9,8.5,0.44,-3.34
49.4739,4.326249,20.18,8.74,0.27,-3.92
49.4739,4.326249,20.18,8.36,-1.05,-3.32
49.473768,4.326052,20.37,9.02,-0.32,-4.86
49.473768,4.326052,20.37,9.52,0.49,-3.53
49.473641,4.325849,20.51,8.97,-0.12,-4.97
49.473641,4.325849,20.51,8.9,0.52,-3.86
49.473514,4.325642,20.6,9.66,-0.18,-3.59
49.473514,4.325642,20.6,8.81,0.15,-4.04
49.473386,4.325437,20.72,8.83,-0.93,-3.44
49.473386,4.325437,20.72,8.53,0.68,-3.96
49.473257,4.32523,21,7.97,-0.36,-4.9
49.473257,4.32523,21,8.6,0.24,-4.36
49.473125,4.325028,21.05,8.76,0.33,-3.85
49.473125,4.325028,21.05,8.43,-0.1,-4.91
49.472991,4.324825,21,7.58,0.69,-4.37
49.472991,4.324825,21,8.23,-0.44,-3.77
49.472857,4.324619,21.1,9.32,-0.44,-3.63
49.472857,4.324619,21.1,8.48,0.1,-3.54
49.472723,4.324412,21.05,9.22,0.51,-3.97
49.472723,4.324412,21.05,8.45,-0.27,-4.16
49.472591,4.324203,20.96,8.36,0.68,-4.24
49.472591,4.324203,20.96,9.34,0.58,-3.99
49.472459,4.323995,20.95,8.85,0.17,-3.3
49.472459,4.323995,20.95,9.76,-0.08,-4.43
49.472325,4.323788,20.87,9.31,0.06,-3.72
49.472325,4.323788,20.87,8.72,0.29,-3.49
49.472195,4.323579,21.03,9.45,0.01,-4.24
49.472195,4.323579,21.03,8.54,-0.65,-4.32
49.472065,4.323364,21.13,9.38,-0.32,-3.9
49.472065,4.323364,21.13,7.95,0.61,-3.83
49.471931,4.323156,21.32,10.17,0.24,-3.18
49.471931,4.323156,21.32,8.47,-0.51,-3.98
49.471796,4.322943,21.73,8.4,-0.72,-3.97
49.471796,4.322943,21.73,9.03,-0.54,-3.97
49.471658,4.322726,21.82,8.5,0.2,-3.94
49.471658,4.322726,21.82,8.49,0.18,-3.84
49.471522,4.32251,21.92,8.83,-0.08,-4.07
49.471386,4.322297,21.89,9.76,0.31,-4.1
49.471386,4.322297,21.89,8.36,0.72,-3.51
49.471244,4.322083,22,7.92,-0.36,-3.98
49.471244,4.322083,22,8.63,0.32,-3.64
49.471101,4.32187,22.02,8.76,0.13,-3.77
49.471101,4.32187,22.02,9.12,0.18,-4.53
49.470957,4.321656,22.02,8.49,0.57,-3.83
49.470957,4.321656,22.02,8.52,-0.31,-3.74
49.470816,4.321442,22.03,8.07,1.36,-4.29
49.470816,4.321442,22.03,7.11,-0.6,-4.68
49.470675,4.321235,21.53,9.47,0.63,-4.3
49.470675,4.321235,21.53,9.08,-0.27,-5.4
49.470534,4.321036,21.43,8.75,0.12,-4.04
49.470534,4.321036,21.43,8.69,0.17,-3.86
49.470391,4.32084,21.33,8.82,-0.21,-3.52
49.470391,4.32084,21.33,8.94,-0.27,-3.86
49.470251,4.320638,21.49,8.74,0.19,-3.89
49.470251,4.320638,21.49,8.24,0.1,-4.33
49.470113,4.320439,21.69,8.53,0.23,-4.3
49.470113,4.320439,21.69,8.73,0.5,-4.11
49.469969,4.320239,21.85,9.05,-0.01,-3.66
49.469969,4.320239,21.85,9.13,-0.31,-4.07
49.46982,4.320037,21.95,8.95,-0.03,-4.18
49.46982,4.320037,21.95,8.95,0.65,-4.13
49.469679,4.319831,22.01,8.92,-0.64,-4.59
49.469679,4.319831,22.01,8.41,0.3,-4.14
49.469533,4.319624,22.06,8.4,0.7,-4.3
49.469533,4.319624,22.06,9.7,0.34,-3.67
49.469389,4.319424,21.65,9.09,1.51,-3.62
49.469389,4.319424,21.65,8.18,0.13,-4.07
49.469249,4.319226,21.21,8.79,-0.05,-4.32
49.469249,4.319226,21.21,9.55,1.02,-3.45
49.469112,4.31903,20.98,7.69,0.24,-4.01
49.469112,4.31903,20.98,8.25,0.54,-3.69
49.468971,4.318832,20.93,9.21,0.08,-4.54
49.468971,4.318832,20.93,8.52,0.45,-3.99
49.468832,4.318637,20.97,8.6,0.13,-3.87
49.468832,4.318637,20.97,8.16,0.45,-3.89
49.468691,4.318444,20.98,10.18,-0.34,-3.63
49.468691,4.318444,20.98,8.64,-0.28,-4.42
49.468547,4.318249,20.96,8.48,0.61,-3.43
49.468407,4.318054,21.05,8.48,-0.38,-5.06
49.468407,4.318054,21.05,8.71,-0.33,-4.57
49.468407,4.318054,21.05,9.96,0.01,-3.71
49.468271,4.31786,20.91,8.84,-0.62,-4.12
49.468129,4.317661,20.93,9.24,0.65,-3.67
49.468129,4.317661,20.93,8.26,-0.21,-4.13
49.467989,4.317461,20.9,8.1,0.8,-3.76
49.467989,4.317461,20.9,9.73,-0.26,-4.53
49.46785,4.317265,20.92,8.56,0.97,-3.51
49.46785,4.317265,20.92,8.8,1,-3.68
49.467709,4.317068,21.02,8.69,-0.09,-5.13
49.467709,4.317068,21.02,8.97,-0.04,-3.36
49.467564,4.316869,21.26,8.99,-0.17,-3.16
49.467564,4.316869,21.26,8.17,0.79,-3.56
49.467421,4.316672,21.33,9.81,0.79,-3.71
49.467421,4.316672,21.33,8.73,-0.11,-4.41
49.46728,4.316473,21.39,8.36,0.57,-3.25
49.46728,4.316473,21.39,8.16,0.95,-3.31
49.46714,4.316273,21.44,8.9,0.24,-3.28
49.46714,4.316273,21.44,8.92,0.86,-3.59
49.466998,4.316072,21.45,8.07,0.46,-4.55
49.466998,4.316072,21.45,8.64,0.72,-4.95
49.466857,4.315867,21.49,9.56,0.29,-4.47
49.466857,4.315867,21.49,8.58,0.06,-4.01
49.466715,4.315664,21.64,8.98,0.53,-4.37
49.466715,4.315664,21.64,8.95,0.28,-3.95
49.466574,4.315459,21.77,9.01,-0.1,-3.66
49.466574,4.315459,21.77,9.08,0.34,-3.67
49.466428,4.315256,22.06,9.13,0.12,-3.97
49.466428,4.315256,22.06,9.13,0.11,-3.86
49.466282,4.315052,22.3,8.59,0.11,-4.5
49.466282,4.315052,22.3,8.03,0.74,-4.49
49.466136,4.314843,22.37,9.73,0.64,-4.03
49.466136,4.314843,22.37,8.48,0.72,-3.66
49.46599,4.314633,22.36,9.18,0.69,-3.68
49.46599,4.314633,22.36,8.98,0.79,-3.46
49.465841,4.314421,22.46,9.1,0.31,-4.35
49.465841,4.314421,22.46,8.9,0.13,-4.52
49.465691,4.314209,22.62,9.07,-0.34,-4.17
49.465691,4.314209,22.62,8.13,0.76,-3.74
49.46554,4.313995,22.78,8.32,1.27,-4.07
49.46554,4.313995,22.78,8.85,0.83,-4.19
49.465389,4.313781,22.78,7.98,0.52,-4.13
49.465239,4.31357,22.44,9.05,0.17,-4.64
49.465239,4.31357,22.44,8.77,-0.13,-4.13
49.465088,4.313366,22.29,8.31,0.24,-4.12
49.465088,4.313366,22.29,8.05,0.71,-4.23
49.46494,4.313159,21.67,8.93,0.32,-4.08
49.46494,4.313159,21.67,9.22,1,-4.21
49.464795,4.312959,21.52,8.36,-0.83,-4.61
49.464795,4.312959,21.52,8.21,0.78,-4.38
49.46465,4.312763,21.46,8.83,0.54,-3.61
49.46465,4.312763,21.46,9.5,0.96,-3.21
49.464509,4.312568,21.03,8.21,0.38,-3.98
49.464509,4.312568,21.03,8.38,-0.07,-4.56
49.464371,4.312372,21.2,8.78,-0.84,-4.53
49.464371,4.312372,21.2,8.2,0.81,-3.85
49.464232,4.312173,21.37,8.54,-0.4,-3.49
49.464232,4.312173,21.37,8.15,-0.32,-3.2
49.46409,4.311973,21.52,8.4,0.72,-3.63
49.46409,4.311973,21.52,9.06,1.11,-3.57
49.46395,4.311775,21.03,7.3,0.71,-4.75
49.46395,4.311775,21.03,9.11,-0.01,-4.15
49.46381,4.311584,20.63,9.01,-0.46,-4.82
49.46381,4.311584,20.63,8.49,-0.17,-4.37
49.463671,4.311397,20.62,8.85,-0.54,-4.65
49.463671,4.311397,20.62,8.7,1.6,-3.72
49.463528,4.311209,20.3,8.46,0.96,-4.84
49.463528,4.311209,20.3,9.19,-0.58,-3.81
49.463387,4.311028,20.13,8.81,-0.64,-5.16
49.463387,4.311028,20.13,8.31,0.04,-3.92
49.463245,4.310851,20.01,8.93,0.13,-4.48
49.463245,4.310851,20.01,7.91,0.06,-4.3
49.463105,4.310675,20.1,7.69,1.02,-4.31
49.463105,4.310675,20.1,8.96,0.15,-4.41
49.462965,4.3105,20.03,8.73,-1,-4.35
49.462965,4.3105,20.03,7.75,0.99,-3.62
49.462824,4.310333,19.96,8.14,0.58,-4.2
49.462824,4.310333,19.96,9.07,0.87,-3.46
49.462685,4.310166,19.97,9.31,-0.29,-4.48
49.462685,4.310166,19.97,8.1,0.9,-3.27
49.462545,4.309999,19.97,8.21,-1.12,-4.64
49.462545,4.309999,19.97,8.2,-0.55,-4.77
49.462402,4.309832,20.04,9.19,1.09,-4.27
49.462402,4.309832,20.04,9.06,0.76,-4.04
49.462257,4.309667,20.15,8.88,1.32,-3.63
49.462114,4.309505,20.24,8.4,0.34,-4.09
49.462114,4.309505,20.24,8.55,1.05,-3.63
49.461965,4.309348,20.23,7.38,1.07,-4.15
49.461965,4.309348,20.23,7.81,-0.79,-3.97
49.461812,4.309199,20.39,9.21,-0.21,-4.44
49.461812,4.309199,20.39,9.06,-0.47,-4.02
49.461663,4.309038,20.56,9.42,0.66,-3.88
49.461663,4.309038,20.56,9.21,0.68,-3.68
49.461512,4.30887,20.69,9.24,0.11,-4.1
49.461512,4.30887,20.69,7.98,0.61,-4.31
49.461359,4.308706,20.79,8.6,0.34,-3.93
49.461359,4.308706,20.79,9.72,-0.16,-4.72
49.461205,4.308543,20.74,9.83,-0.23,-3.7
49.461205,4.308543,20.74,7.97,-0.04,-3.52
49.461054,4.308375,20.79,9.57,0.03,-4.1
49.461054,4.308375,20.79,9.12,0.42,-4.17
49.460902,4.308205,21.04,8.67,-0.59,-3.64
49.460902,4.308205,21.04,8.49,-0.3,-4.05
49.460748,4.308039,21.26,8.34,1.07,-4.12
49.460748,4.308039,21.26,8.47,-0.32,-4.52
49.460588,4.30787,21.65,8.76,-0.43,-4.19
49.460588,4.30787,21.65,7.92,-0.23,-3.97
49.460429,4.307698,21.93,8.75,-0.13,-4.27
49.460429,4.307698,21.93,9.05,-0.36,-4.68
49.460265,4.307526,22.26,9.42,-0.08,-4.68
49.460265,4.307526,22.26,8.85,0.39,-4.11
49.460096,4.307355,22.55,8.54,0.06,-3.55
49.460096,4.307355,22.55,8.87,0.81,-3.62
49.459927,4.307179,22.77,9.34,-0.01,-3.93
49.459927,4.307179,22.77,9.47,1.23,-4.48
49.459758,4.306999,22.78,8.73,0,-3.75
49.459758,4.306999,22.78,8.68,0.65,-2.94
49.459589,4.306826,22.71,8.13,0.86,-3.93
49.459589,4.306826,22.71,8.97,0.46,-3.61
49.459422,4.306651,22.45,9.05,1.07,-4.38
49.459422,4.306651,22.45,9.37,0.26,-4.61
49.459258,4.306475,22.16,8.97,0.07,-4.53
49.459258,4.306475,22.16,7.47,-0.23,-4.34
49.459099,4.306296,22.06,9.08,0.38,-4.33
49.459099,4.306296,22.06,9.81,0.45,-5.01
49.458939,4.306121,22.03,9.22,-0.83,-4.83
49.458939,4.306121,22.03,8.4,0.38,-3.97
49.458778,4.305945,22.09,9.2,-0.16,-4.34
49.458615,4.305772,22.25,8.92,0.23,-4.36
49.458615,4.305772,22.25,9.26,-0.04,-3.83
49.45845,4.305599,22.34,8.36,0.15,-3.92
49.45845,4.305599,22.34,8.67,-0.38,-4.04
49.458283,4.30543,22.56,8.29,0.8,-3.67
49.458283,4.30543,22.56,9.56,0.08,-3.57
49.458112,4.305253,22.95,9.07,0.05,-4.02
49.458112,4.305253,22.95,9.85,-0.71,-3.98
49.457943,4.305078,22.93,9.64,-0.59,-4.12
49.457943,4.305078,22.93,8.98,-0.82,-3.61
49.45777,4.304895,22.94,9.17,-0.17,-4.17
49.45777,4.304895,22.94,9.85,-0.66,-4.33
49.4576,4.304715,23.06,9.25,0.37,-4.71
49.4576,4.304715,23.06,9.13,0.39,-3.86
49.457428,4.304532,22.73,9.28,0.5,-3.9
49.457428,4.304532,22.73,9.03,0.57,-4.03
49.457261,4.304356,22.54,9.29,-0.16,-4.84
49.457261,4.304356,22.54,8.19,0.43,-3.91
49.457096,4.30418,22.54,9.05,1.03,-3.96
49.457096,4.30418,22.54,8.05,1.21,-4.07
49.456933,4.304006,22.38,8.25,1.09,-3.96
49.456933,4.304006,22.38,8.85,0.17,-4.39
49.45677,4.303833,22.18,10.36,0.56,-3.93
49.45677,4.303833,22.18,9.5,-0.45,-3.96
49.456607,4.303664,22.02,7.78,0.3,-4.19
49.456607,4.303664,22.02,8.99,-0.45,-4.04
49.456441,4.303492,22.11,9.62,0.39,-4.39
49.456441,4.303492,22.11,8.65,0.57,-4.13
49.456274,4.303316,22.12,9.2,0.08,-4.1
49.456274,4.303316,22.12,8.88,0.5,-4.11
49.456114,4.303141,21.99,8.55,0.82,-3.96
49.456114,4.303141,21.99,7.71,0.25,-4.52
49.455955,4.302968,21.95,9.05,-0.14,-4.14
49.455955,4.302968,21.95,8.08,0.2,-4.26
49.455797,4.302794,21.76,9.26,0.16,-3.32
49.455797,4.302794,21.76,9.84,0.74,-2.65
49.455638,4.302624,21.75,7.91,1.04,-3.47
49.455638,4.302624,21.75,7.96,0.09,-3.96
49.455481,4.302449,21.74,10.25,-0.13,-3.72
49.455481,4.302449,21.74,8.01,0.84,-4.06
49.45532,4.302283,21.65,9.03,0.57,-2.93
49.45532,4.302283,21.65,8.88,0.41,-4.56
49.455161,4.302111,21.61,9.9,0.61,-3.24
49.455005,4.301941,21.46,8.93,0.39,-3.55
49.455005,4.301941,21.46,9.78,0.61,-2.67
49.454848,4.301765,21.36,7.84,0.63,-3.33
49.454848,4.301765,21.36,8.52,0.71,-4.19
49.454697,4.301591,21.18,9.61,0.81,-3.45
49.454697,4.301591,21.18,10.08,0.33,-3.67
49.454546,4.301412,21.01,8.29,0.35,-4.74
49.454546,4.301412,21.01,8.89,1.11,-4.26
49.454395,4.301233,20.89,9.11,0.68,-3.78
49.454395,4.301233,20.89,8.38,-0.8,-3.79
49.454245,4.301059,20.65,9.3,0.83,-5.09
49.454245,4.301059,20.65,8.71,1,-3.42
49.4541,4.300888,20.4,8.51,-0.7,-5
49.4541,4.300888,20.4,8.56,-0.18,-4.26
49.453954,4.300715,20.38,8.67,0.57,-4.09
49.453954,4.300715,20.38,8.86,-0.06,-3.89
49.453806,4.300539,20.42,9.6,0.12,-4.04
49.453806,4.300539,20.42,8.37,0.1,-4.16
49.453662,4.300369,20.54,8.18,-0.73,-3.36
49.453662,4.300369,20.54,8.87,-0.19,-3.84
49.453512,4.300188,20.75,9.19,-1.18,-4.4
49.453512,4.300188,20.75,8.98,-0.36,-3.55
49.453363,4.300018,21.1,8.16,0.65,-3.8
49.453363,4.300018,21.1,9.39,0.93,-4.11
49.453213,4.299838,21.18,9.35,0.36,-3.99
49.453213,4.299838,21.18,7.47,0.43,-4.29
49.453061,4.299662,20.91,9.45,0.13,-4.42
49.453061,4.299662,20.91,8.66,-0.19,-4.75
49.452909,4.29949,20.41,8.65,-0.29,-4.44
49.452909,4.29949,20.41,8.25,-0.7,-4.67
49.45276,4.299325,20.37,9.09,-0.2,-4.05
49.45276,4.299325,20.37,9.42,0.01,-3.35
49.452612,4.299174,20.17,9.43,-0.36,-4.42
49.452612,4.299174,20.17,8.68,-0.36,-4.41
49.452462,4.299023,20.12,8.27,0.61,-3.75
49.452462,4.299023,20.12,9.33,0.54,-3.71
49.452309,4.298873,20.09,9.49,0.47,-4.48
49.452309,4.298873,20.09,9.03,0.12,-3.73
49.45216,4.29873,20.18,7.95,0.29,-4.63
49.45216,4.29873,20.18,8.17,-1.03,-4.19
49.452008,4.298584,20.29,8.78,0.67,-3.8
49.451852,4.298444,20.52,8.14,0.94,-4.2
49.451852,4.298444,20.52,8.37,-0.22,-4.71
49.451694,4.298301,20.57,8.57,0.43,-3.92
49.451694,4.298301,20.57,9.43,-0.67,-4.87
49.451536,4.298154,20.73,8.37,-0.17,-4.63
49.451536,4.298154,20.73,9.43,-0.16,-3.88
49.451376,4.298003,20.84,8.62,0.36,-3.8
49.451376,4.298003,20.84,8.92,-0.19,-4.28
49.451219,4.297857,20.98,9.03,0.1,-3.9
49.451219,4.297857,20.98,9.24,-0.44,-4.47
49.451058,4.297707,21.14,8.99,0.73,-4.28
49.451058,4.297707,21.14,8.28,0.6,-4.07
49.450892,4.29756,20.98,7.47,0.01,-4.98
49.450892,4.29756,20.98,9.58,0.17,-4.04
49.45073,4.297421,20.72,8.84,0.22,-4.38
49.45073,4.297421,20.72,9.19,-0.29,-4.3
49.450567,4.29728,20.37,9.58,1.22,-2.88
49.450567,4.29728,20.37,8.41,-0.58,-3.75
49.450404,4.297134,20.57,8.52,0.31,-4.24
49.450404,4.297134,20.57,8.19,-0.28,-3.4
49.450245,4.296986,20.78,9.48,-0.02,-3.61
49.450245,4.296986,20.78,8.06,0.06,-4.02
49.450086,4.296832,20.98,9.29,0.55,-3.29
49.450086,4.296832,20.98,8.78,1.02,-2.56
49.449928,4.296672,20.95,7.92,1.61,-3.53
49.449928,4.296672,20.95,9.94,1.07,-3.28
49.449773,4.296502,20.86,9.66,0.53,-3.12
49.449773,4.296502,20.86,8.7,0.01,-2.94
49.449621,4.29633,20.69,9.41,-0.33,-4.19
49.449621,4.29633,20.69,9.28,0.01,-3.46
49.449469,4.296161,20.88,8.63,-0.5,-3.6
49.449469,4.296161,20.88,8.65,0.51,-4.27
49.449319,4.295988,21.1,7.72,-0.39,-4.21
49.449319,4.295988,21.1,9.05,-0.11,-3.06
49.449171,4.295806,21.38,10,-0.36,-3.72
49.449171,4.295806,21.38,8.93,-0.46,-3.23
49.449022,4.295625,21.5,8.78,0.45,-3.42
49.449022,4.295625,21.5,9.58,-0.19,-4.46
49.448878,4.295432,21.4,9.78,1.34,-2.9
49.448878,4.295432,21.4,10.53,0.2,-2.89
49.448736,4.295234,21.03,8.37,0.77,-3.57
49.448736,4.295234,21.03,9.05,-0.18,-3.65
49.448597,4.295021,20.87,9.13,0.07,-3.67
49.44846,4.294814,20.86,9.07,0.54,-3.52
49.44846,4.294814,20.86,9.17,-0.46,-3.94
49.448327,4.294604,20.74,7.88,0.47,-4.08
49.448327,4.294604,20.74,9.74,0.38,-3.66
49.448201,4.294402,20.49,9.12,1.49,-2.65
49.448201,4.294402,20.49,9.2,1.1,-3.15
49.448078,4.2942,20.05,8.88,0.62,-2.97
49.448078,4.2942,20.05,9.56,-0.68,-3.99
49.447961,4.293989,19.98,9.23,0.83,-3.98
49.447961,4.293989,19.98,9.06,0.3,-3.39
49.447845,4.293777,20,9.96,0.76,-4.23
49.447845,4.293777,20,9.97,0.7,-3.79
49.447734,4.293559,20.03,8.84,-0.39,-3.96
49.447734,4.293559,20.03,10.62,-0.61,-3.36
49.447622,4.293346,19.69,9.37,0.46,-3.03
49.447622,4.293346,19.69,9.62,1.01,-2.82
49.447518,4.29313,19.56,8.36,-0.4,-4.15
49.447518,4.29313,19.56,9.57,0.8,-3.79
49.447418,4.292905,19.36,10.17,0.42,-4.2
49.447418,4.292905,19.36,9.22,-0.34,-3.46
49.447323,4.292675,18.95,8.95,-0.58,-3.86
49.447323,4.292675,18.95,8.7,-0.46,-3.57
49.447232,4.292452,18.95,9.14,0.16,-4.06
49.447232,4.292452,18.95,9.84,-0.83,-4.22
49.447137,4.292224,18.89,9.03,-0.18,-3.34
49.447137,4.292224,18.89,8.58,0.92,-3.45
49.447046,4.291995,18.82,9.74,1.13,-3.31
49.447046,4.291995,18.82,8.75,-0.11,-3.07
49.446968,4.291772,18.56,7.99,-0.22,-3.89
49.446968,4.291772,18.56,8.58,-1,-4.3
49.446897,4.29155,18.45,9.08,-0.87,-3.67
49.446897,4.29155,18.45,9.26,-0.46,-3.45
49.446828,4.291337,18.62,8.92,-0.98,-3.75
49.446828,4.291337,18.62,9.16,-0.69,-3.67
49.446751,4.291114,18.54,9.69,0.01,-3.84
49.446751,4.291114,18.54,8.6,0.61,-3.45
49.446685,4.290894,18.59,8.87,0.26,-2.79
49.446685,4.290894,18.59,8.72,-0.5,-4.09
49.446619,4.290655,18.76,9.25,-0.95,-4.03
49.446619,4.290655,18.76,8.62,-0.12,-3.35
49.446563,4.290412,18.98,8.72,-0.86,-3.2
49.446502,4.290165,19.2,7.75,0.08,-3.93
49.446502,4.290165,19.2,8.03,-0.39,-4.41
49.446435,4.289912,19.4,8.82,0.62,-4.49
49.446435,4.289912,19.4,7.35,-0.08,-3.39
49.446374,4.289662,19.55,8.35,-0.58,-3.71
49.446374,4.289662,19.55,9.25,-0.91,-4.65
49.446315,4.28941,19.67,9.3,-1.06,-3.78
49.446315,4.28941,19.67,8.77,-0.96,-4.71
49.446256,4.289158,19.83,8.03,0.51,-4.76
49.446256,4.289158,19.83,8.05,-1.33,-3.39
49.446193,4.288902,19.95,8.51,0.2,-3.23
49.446193,4.288902,19.95,9.1,0.72,-3.96
49.446128,4.288645,20.11,9.38,-0.56,-3.39
49.446128,4.288645,20.11,7.86,-0.89,-5.27
49.446063,4.288386,20.29,9.8,-0.41,-3.67
49.446063,4.288386,20.29,7.97,0.54,-4.23
49.445995,4.288125,20.36,9.36,0.05,-4.2
49.445995,4.288125,20.36,7.72,-0.09,-5.07
49.445926,4.287863,20.48,8.84,-0.16,-3.74
49.445926,4.287863,20.48,8.61,0.55,-3.4
49.44586,4.287599,20.59,8.91,-0.09,-4.44
49.44586,4.287599,20.59,8.87,-0.06,-4.34
49.445793,4.287332,20.67,8.29,0.65,-4.69
49.445793,4.287332,20.67,8.29,1.28,-4.05
49.445728,4.287069,20.11,9.43,-0.38,-3.83
49.445728,4.287069,20.11,9.1,0.02,-2.94
49.445659,4.286812,20.13,8.84,-1.07,-4.89
49.445659,4.286812,20.13,9.82,0.26,-3.12
49.445585,4.286559,20.32,8.37,-0.43,-4.41
49.445585,4.286559,20.32,9.44,0.11,-3.32
49.445509,4.286304,20.59,7.9,0.71,-5.15
49.445509,4.286304,20.59,8.69,0.67,-3.92
49.445428,4.286046,20.9,9.55,0.01,-3.67
49.445428,4.286046,20.9,8.57,0.68,-4.27
49.445345,4.285789,21.16,8.87,0.78,-4.13
49.445345,4.285789,21.16,8.95,-1.42,-4.3
49.44526,4.285538,21.39,8.63,0.04,-3.49
49.44526,4.285538,21.39,8.95,-0.33,-3.47
49.445161,4.285286,21.58,9.17,0.33,-3.8
49.445161,4.285286,21.58,9.51,0.24,-3.56
49.445058,4.285033,21.66,8.04,0.82,-3.86
49.44496,4.284783,21.59,9.41,0.18,-3.93
49.44496,4.284783,21.59,9.12,0.64,-4.07
49.444857,4.284537,21.16,9.37,0.44,-4.02
49.444857,4.284537,21.16,8.95,0.68,-3.72
49.444746,4.284296,21.03,8.16,0.19,-3.45
49.444746,4.284296,21.03,9.25,0.72,-4.53
49.444633,4.284055,21.41,8.59,0.44,-4.14
49.444633,4.284055,21.41,9.16,-0.68,-4.37
49.444509,4.283823,21.69,8.11,-0.73,-3.74
49.444509,4.283823,21.69,8.56,0.4,-4.79
49.444379,4.283594,21.81,8.59,-0.18,-3.88
49.444379,4.283594,21.81,7.45,-0.03,-4.17
49.444245,4.283365,22.11,9.07,0.27,-4.44
49.444245,4.283365,22.11,9.32,-0.82,-4.84
49.444104,4.283139,22.11,9.54,0.53,-3.72
49.444104,4.283139,22.11,8.86,0.82,-3.71
49.443963,4.282923,21.86,9.52,0.3,-3.51
49.443963,4.282923,21.86,9.49,0.88,-4.1
49.443817,4.282721,21.57,9.33,0.89,-3.18
49.443817,4.282721,21.57,8.71,-0.12,-4.24
49.443672,4.282529,21.28,8.6,1.11,-4.88
49.443672,4.282529,21.28,8.8,0.5,-3.61
49.443522,4.282348,21.16,8.74,-0.16,-3.85
49.443522,4.282348,21.16,9.72,-0.09,-3.89
49.443371,4.282169,21.36,8.43,1.01,-3.9
49.443371,4.282169,21.36,9.5,-0.68,-3.85
49.443216,4.281989,21.63,8.87,-0.39,-4.14
49.443216,4.281989,21.63,8.31,-0.03,-3.99
49.443058,4.281812,21.92,8.57,0.68,-4.09
49.443058,4.281812,21.92,8.41,0.65,-4.09
49.442888,4.281632,22.01,8.68,1.64,-4.48
49.442888,4.281632,22.01,8.66,0.11,-4.28
49.442724,4.281472,22.03,8.8,0.48,-4.34
49.442724,4.281472,22.03,8.7,-0.14,-4.46
49.442553,4.281319,22.09,7.81,-0.36,-4.38
49.442553,4.281319,22.09,9.02,0.05,-3.73
49.442372,4.281169,22.1,9.18,-0.09,-4.07
49.442372,4.281169,22.1,8.72,0.55,-3.8
49.442192,4.281029,22.1,8.14,0.6,-4.2
49.442192,4.281029,22.1,9.01,0.04,-3.95
49.442015,4.280891,21.94,8.01,1.11,-3.72
49.442015,4.280891,21.94,8.23,0.77,-4.06
49.441835,4.280754,21.63,8.69,1.1,-4.18
49.441658,4.280632,21.53,9.95,0.58,-3.77
49.441658,4.280632,21.53,8.36,1.62,-3.88
49.441481,4.280528,21.34,8.92,0.78,-3.89
49.441481,4.280528,21.34,9.39,0.14,-4.59
49.441306,4.28043,21.1,10.48,0.64,-4.14
49.441306,4.28043,21.1,8.23,1.05,-4.46
49.441126,4.280338,21.07,8.27,1.56,-3.49
49.441126,4.280338,21.07,7.64,0.44,-5.17
49.440943,4.28025,20.77,9.87,1.1,-3.85
49.440943,4.28025,20.77,8.94,1.45,-3.73
49.44076,4.280173,20.73,8.72,1.29,-4.16
49.44076,4.280173,20.73,9.84,0.45,-3.02
49.440577,4.280117,20.57,8.77,-0.86,-4.71
49.440577,4.280117,20.57,9.14,1.05,-3.39
49.440403,4.280066,20.64,9.47,-0.6,-4.43
49.440403,4.280066,20.64,8.87,1.35,-3.56
49.440224,4.280022,20.53,8.88,0.34,-3.93
49.440224,4.280022,20.53,9.26,-0.19,-4.06
49.440044,4.279978,20.53,8.66,0.22,-4.14
49.440044,4.279978,20.53,8.8,1.59,-4.35
49.439863,4.279933,20.47,8.13,-0.39,-3.95
49.439863,4.279933,20.47,8.6,1.24,-4
49.439679,4.279888,20.63,8.46,1.23,-3.85
49.439679,4.279888,20.63,8.97,1.15,-4.19
49.4395,4.279854,20.23,8.84,1.23,-3.92
49.4395,4.279854,20.23,9.43,-0.45,-3.98
49.439321,4.279832,20,8.14,-0.53,-4.66
49.439321,4.279832,20,8.82,1.68,-4.18
49.439143,4.279808,19.89,9.53,0.31,-4.09
49.439143,4.279808,19.89,8.87,0.2,-3.99
49.438968,4.279789,19.83,8.49,1.03,-3.47
49.438968,4.279789,19.83,9.79,-0.3,-4.37
49.438792,4.279785,19.89,9.43,-0.62,-3.55
49.438792,4.279785,19.89,8.34,-0.48,-4.43
49.438614,4.279777,20.01,8.05,0.06,-4.89
49.438614,4.279777,20.01,7.67,0.53,-4.5
49.438435,4.279768,19.94,10.05,1.14,-4.07
49.438435,4.279768,19.94,8.44,1.44,-3.84
49.438257,4.279755,19.74,8.89,0.66,-4.3
49.438257,4.279755,19.74,8.98,-0.38,-4.56
49.438081,4.279743,19.41,8.37,0.07,-4.3
49.438081,4.279743,19.41,8.17,-0.89,-4.04
49.437904,4.279731,19.33,8.67,1.08,-3.94
49.437729,4.27972,19.31,8.6,-0.87,-3.73
49.437729,4.27972,19.31,8.66,-0.15,-4.44
49.437553,4.279718,19.46,8.61,-0.29,-4.17
49.437553,4.279718,19.46,7.89,0.02,-4.04
49.437378,4.279711,19.54,9.27,-0.38,-4.32
49.437378,4.279711,19.54,8.31,0.06,-4.53
49.4372,4.279701,20.06,8.94,-0.18,-3.17
49.4372,4.279701,20.06,8.49,-0.83,-4.37
49.437017,4.279685,20.6,8.6,0.15,-3.45
49.437017,4.279685,20.6,9.52,0.71,-4.64
49.43683,4.279678,20.83,9.51,-0.09,-4.07
49.43683,4.279678,20.83,7.98,1.11,-3.12
49.436644,4.279664,20.85,8.53,0.78,-4.28
49.436644,4.279664,20.85,9.13,0.03,-4
49.436456,4.279657,20.76,8.86,-0.29,-4.29
49.436456,4.279657,20.76,8.93,-0.29,-4.73
49.436269,4.279649,20.58,8.87,-0.68,-3.73
49.436269,4.279649,20.58,8.69,-0.33,-4.68
49.436084,4.279638,20.57,8.83,0.01,-3.91
49.436084,4.279638,20.57,8.67,0.71,-4.16
49.435895,4.279622,20.77,9.56,-1.16,-4.45
49.435895,4.279622,20.77,8.7,0.44,-3.84
49.435705,4.279607,21.24,9.05,-1.02,-3.32
49.435705,4.279607,21.24,9.4,-0.15,-3.37
49.435511,4.279593,21.91,8.92,-0.61,-3.47
49.435511,4.279593,21.91,8.14,0.89,-3.18
49.435319,4.279591,22.06,8.86,-0.47,-3.65
49.435319,4.279591,22.06,9.07,-0.6,-2.94
49.43512,4.279576,22.28,9.39,-1.04,-2.9
49.43512,4.279576,22.28,8.83,-0.6,-3.86
49.434918,4.27956,22.76,8.1,0.36,-2.79
49.434918,4.27956,22.76,9.25,0.11,-3.06
49.434705,4.279534,23.38,7.73,-0.33,-3.8
49.434705,4.279534,23.38,9.94,-0.43,-3.93
49.434486,4.279493,24.25,9.83,-0.44,-3.52
49.434486,4.279493,24.25,9.29,-0.41,-3.59
49.434262,4.279435,24.85,7.89,-0.26,-3.09
49.434262,4.279435,24.85,7.81,0.21,-3.53
49.43404,4.279369,25.36,10.51,-0.6,-3.7
49.43404,4.279369,25.36,12.32,-0.42,-2.8
49.433818,4.279297,25.86,7.38,-0.11,-2.66
49.433818,4.279297,25.86,9.86,0.24,-1.63
49.43359,4.279214,26.38,8.72,-0.72,-2.41
49.433362,4.279108,26.6,8.64,-0.09,-2.27
49.433362,4.279108,26.6,10.06,-1.39,-2.35
49.433134,4.278979,26.94,11.12,-0.89,-2.28
49.433134,4.278979,26.94,10.86,-0.92,-2.78
49.432907,4.278831,27.5,10.51,-0.63,-3.03
49.432907,4.278831,27.5,10.22,-0.36,-1.62
49.432681,4.278671,27.61,11.02,-0.63,-2.49
49.432681,4.278671,27.61,8.41,-0.07,-2.84
49.432458,4.278493,27.71,10.18,-0.09,-2.91
49.432458,4.278493,27.71,9.84,0.57,-1.91
49.432241,4.278304,27.82,9.83,-0.5,-3.06
49.432241,4.278304,27.82,8.05,0.14,-3.99
49.43203,4.27809,27.93,10.64,0.37,-3.15
49.43203,4.27809,27.93,8.97,0.1,-3.95
49.431819,4.277865,27.75,9.72,0.26,-3.27
49.431819,4.277865,27.75,10.28,0.24,-1.94
49.431609,4.277641,27.75,9.08,-0.05,-2.59
49.431609,4.277641,27.75,9.97,0.23,-3.1
49.431408,4.277424,27.4,10.19,-0.24,-4.31
49.431408,4.277424,27.4,8.11,-0.67,-4.79
49.431209,4.277206,27.51,7.79,0.58,-4.98
49.431209,4.277206,27.51,6.65,0.54,-4.42
49.431014,4.276987,27.37,8.13,0.18,-4.07
49.431014,4.276987,27.37,10.73,0.32,-2.96
49.430822,4.276767,27.16,8.47,-0.78,-5.01
49.430822,4.276767,27.16,8.09,-0.03,-3.01
49.430629,4.27655,27.2,6.96,-0.1,-4.26
49.430629,4.27655,27.2,8.22,-0.23,-4.1
49.430434,4.276336,27.32,10.09,-0.04,-3.59
49.430434,4.276336,27.32,8.66,-0.5,-4.54
49.430235,4.276128,27.52,8.61,0.93,-3.63
49.430235,4.276128,27.52,9.43,-0.99,-4.18
49.430033,4.275913,27.55,10.61,-1.02,-2.79
49.430033,4.275913,27.55,9.14,-0.5,-3.92
49.429831,4.275698,27.64,8.94,0.22,-4.52
49.429831,4.275698,27.64,9.3,-0.79,-3.38
49.429627,4.275483,27.89,8.37,-0.2,-4.1
49.429627,4.275483,27.89,7.33,0.58,-4.22
49.42942,4.275267,27.95,8.31,-0.32,-5.12
49.42942,4.275267,27.95,8.56,-0.49,-4.84
49.429214,4.275052,28.08,7.7,-0.11,-4.18
49.429008,4.274834,28.08,10.75,-1.19,-2.39
49.429008,4.274834,28.08,10.3,-0.6,-2.37
49.4288,4.274614,28.2,7.86,0.08,-3.8
49.4288,4.274614,28.2,10.07,-1.01,-2.52
49.428591,4.274392,28.3,8.55,0.02,-4.32
49.428591,4.274392,28.3,10.56,-0.11,-4.47
49.428381,4.274166,28.38,8.91,1.13,-3.89
49.428381,4.274166,28.38,10.28,-0.25,-3.4
49.428167,4.273943,28.43,8.81,0.41,-4.06
49.428167,4.273943,28.43,8.85,-0.83,-4.32
49.427958,4.273719,28.42,7.89,0.64,-4.11
49.427958,4.273719,28.42,8.21,0.69,-4.54
49.42775,4.273506,28.44,7.51,0.56,-4.43
49.42775,4.273506,28.44,8.24,0.87,-3.14
49.427546,4.273289,28.25,8.67,-0.69,-4.2
49.427546,4.273289,28.25,10.44,1.07,-3.61
49.427339,4.273064,28.15,8.05,0.4,-4.06
49.427339,4.273064,28.15,9.7,-0.02,-3.73
49.427126,4.272836,28.43,10.64,-1.06,-3.81
49.427126,4.272836,28.43,9.77,-0.67,-3.16
49.426914,4.272607,28.71,9.57,0.2,-4.04
49.426914,4.272607,28.71,8.49,1.22,-4.12
49.4267,4.272378,28.94,8.74,-0.14,-3.51
49.4267,4.272378,28.94,7.34,0.31,-4.51
49.426486,4.272145,29.09,10.1,0.23,-3.92
49.426486,4.272145,29.09,8.6,1.02,-3.48
49.426269,4.27192,29.16,8.78,0.69,-3.67
49.426269,4.27192,29.16,9.44,1.07,-3.64
49.426054,4.271692,29.01,9.21,1.25,-3.9
49.426054,4.271692,29.01,8.8,0.21,-3.95
49.42584,4.271465,28.66,8.14,0.36,-4.13
49.42584,4.271465,28.66,8.4,1.4,-4.86
49.425629,4.271238,28.83,8.37,0.8,-4.3
49.425629,4.271238,28.83,8.23,1,-4.35
49.425417,4.271009,28.6,8.59,0.71,-4.31
49.425417,4.271009,28.6,7.45,1.26,-4.87
49.425208,4.270785,28.19,8.34,0.62,-4.13
49.425208,4.270785,28.19,10.18,0.64,-3.7
49.425001,4.270561,27.8,8.57,0.34,-4.3
49.424798,4.27035,27.28,10.17,0.13,-3.12
49.424798,4.27035,27.28,8.25,-0.06,-3.8
49.424597,4.270141,27.26,7.63,0.16,-4.29
49.424597,4.270141,27.26,9.44,0.86,-3.27
49.424395,4.269928,27,9.95,1.05,-3.53
49.424395,4.269928,27,8.11,0.87,-3.95
49.424196,4.269717,26.53,7.71,0.28,-4.37
49.424196,4.269717,26.53,9.47,0.01,-3.56
49.424,4.269509,26.17,7.86,0.38,-3.36
49.424,4.269509,26.17,9.34,0.66,-3.7
49.423805,4.269303,26.15,10,0.28,-4.25
49.423805,4.269303,26.15,7.99,0.68,-3.98
49.42361,4.269097,25.97,10.29,0.74,-3.63
49.42361,4.269097,25.97,8.93,0.86,-3.76
49.423419,4.268898,25.68,9.93,0.85,-4.19
49.423419,4.268898,25.68,7.92,0.81,-4.06
49.423228,4.268706,25.59,10.54,0.11,-4.02
49.423228,4.268706,25.59,8.74,0.29,-5.36
49.423033,4.268519,25.67,11.12,-0.64,-3.92
49.423033,4.268519,25.67,7.27,0.94,-4.76
49.422836,4.26833,26.05,9.24,-0.31,-4.4
49.422836,4.26833,26.05,9.59,-0.02,-4.38
49.422635,4.268138,26.22,8.37,0.31,-4.19
49.422635,4.268138,26.22,7.05,0.59,-4.69
49.422434,4.267949,25.87,9.77,0.11,-4.71
49.422434,4.267949,25.87,8.77,-0.02,-4.44
49.422233,4.267766,26.04,9.26,-0.13,-4.65
49.422233,4.267766,26.04,10.4,-0.71,-3.73
49.42203,4.267589,26.46,8.66,0.05,-2.62
49.42203,4.267589,26.46,8.16,0.23,-4.12
49.421819,4.267407,26.94,8.93,0.14,-3.23
49.421819,4.267407,26.94,8.43,0.64,-3.02
49.421612,4.267215,26.97,7.89,-0.08,-3.52
49.421612,4.267215,26.97,10.2,0.6,-2.91
49.421404,4.267012,27.55,8.86,-0.2,-4.11
49.421404,4.267012,27.55,9.83,-0.15,-4.22
49.421196,4.266803,27.95,9.43,-0.68,-4.85
49.421196,4.266803,27.95,10.3,0.04,-3.55
49.420987,4.266584,28.49,9.1,-0.57,-3.68
49.420987,4.266584,28.49,9.39,1.32,-4.97
49.420778,4.266357,28.78,8.71,1.42,-4.93
49.420565,4.26614,28.5,9.32,0.95,-5.07
49.420565,4.26614,28.5,8.69,1,-4.11
49.420352,4.265927,28.01,9.23,0.63,-3.34
49.420352,4.265927,28.01,9.14,0.7,-3.45
49.420143,4.265713,27.73,7.55,0.7,-4.42
49.420143,4.265713,27.73,8.39,-0.38,-2.73
49.419937,4.265501,28.04,10.54,-0.39,-3.78
49.419937,4.265501,28.04,8.48,0.71,-3.7
49.419728,4.26529,28.05,9.07,0.6,-3.16
49.419728,4.26529,28.05,9.42,-0.57,-4.19
49.419522,4.26507,28.1,7.92,1.62,-4.81
49.419522,4.26507,28.1,10.33,0.89,-3.09
49.419314,4.264855,27.72,7.69,0.54,-4.01
49.419314,4.264855,27.72,7.73,1.13,-5.41
49.419105,4.264643,27.49,7.13,0.05,-5.46
49.419105,4.264643,27.49,7.47,0.31,-3.88
49.418893,4.264438,27.48,7.2,0.25,-4.58
49.418893,4.264438,27.48,7.79,-0.3,-4.72
49.41868,4.264242,27.63,9.55,-0.19,-2.59
49.41868,4.264242,27.63,9.25,-0.03,-2.06
49.418465,4.264041,27.62,9.47,0.14,-3.77
49.418465,4.264041,27.62,9.64,0.4,-3.49
49.418258,4.26383,27.56,8.76,0.51,-3.71
49.418258,4.26383,27.56,8.09,-0.1,-3.5
49.418053,4.263617,27.99,9.19,-0.57,-3.12
49.418053,4.263617,27.99,8.26,0.44,-4.8
49.417846,4.263397,28.27,8.64,-0.01,-3.55
49.417846,4.263397,28.27,8.26,0.17,-3.53
49.417643,4.263169,28.61,9.51,-0.41,-4.01
49.417643,4.263169,28.61,9.39,-0.3,-3.73
49.417439,4.26293,28.72,7.98,-0.12,-4.32
49.417439,4.26293,28.72,8.8,0.45,-4.13
49.417234,4.262692,28.83,8.6,-0.02,-3.84
49.417234,4.262692,28.83,9.81,-0.34,-3.95
49.417028,4.262456,28.6,9.62,0.31,-4.51
49.417028,4.262456,28.6,7.54,0.41,-4.84
49.416821,4.262227,28.54,8.9,-0.32,-4.52
49.416821,4.262227,28.54,8.11,-0.33,-4.97
49.41661,4.262003,28.27,11.74,-0.31,-4.44
49.416395,4.261794,28.47,7.43,0.41,-4.46
49.416395,4.261794,28.47,9.49,-0.04,-3.37
49.416185,4.261567,28.33,10.04,0.68,-3.62
49.416185,4.261567,28.33,8.73,-0.23,-4.09
49.415968,4.261354,28.24,9.92,0.57,-2.26
49.415968,4.261354,28.24,8.83,0.21,-3.01
49.415754,4.261139,28.06,10.19,-0.19,-2.26
49.415754,4.261139,28.06,9.33,-0.23,-3.46
49.415544,4.260919,27.87,9,-0.2,-3.92
49.415544,4.260919,27.87,7.32,-0.6,-3.93
49.415336,4.260698,27.94,8.26,1.03,-3.15
49.415336,4.260698,27.94,7.88,0.5,-2.94
49.415133,4.260467,27.88,8.4,0.49,-3.75
49.415133,4.260467,27.88,9.51,-0.33,-4.79
49.414934,4.26024,27.87,8.36,1.04,-4.37
49.414934,4.26024,27.87,9.57,0.08,-3.89
49.414731,4.260025,27.74,7.27,0.37,-3.85
49.414731,4.260025,27.74,8.16,0.45,-4.72
49.414528,4.259806,27.48,9.69,-0.6,-5.21
49.414528,4.259806,27.48,8.47,0.22,-3.76
49.414324,4.259591,27.45,8.59,-0.85,-3.67
49.414324,4.259591,27.45,8.85,0.3,-4.03
49.414118,4.259371,27.54,8.99,0.12,-2.64
49.414118,4.259371,27.54,9.98,-0.85,-4.31
49.413912,4.259154,27.77,7.77,-0.34,-4.89
49.413912,4.259154,27.77,8.26,-0.82,-4.78
49.413703,4.258939,27.91,9.13,-1.06,-3.67
49.413703,4.258939,27.91,8.14,0.42,-3.6
49.413493,4.258719,28.06,9.89,0.45,-3.07
49.413493,4.258719,28.06,9.08,-0.09,-3.99
49.413285,4.258505,28.16,9.22,0.58,-3.83
49.413285,4.258505,28.16,7.86,-0.04,-4.65
49.413075,4.258285,28.16,11.47,-0.19,-3.32
49.413075,4.258285,28.16,7.83,0.1,-4.38
49.412868,4.258065,28.16,8.05,1.08,-4.55
49.412868,4.258065,28.16,9.18,0.18,-3.22
49.412665,4.257851,28.15,9.6,0.19,-2.88
49.412665,4.257851,28.15,9.05,-0.3,-3.33
49.412454,4.257627,28.2,8.68,0.03,-4.32
49.412454,4.257627,28.2,8.47,0.48,-4.5
49.412245,4.257409,28.11,9.08,-0.13,-3.63
49.412039,4.257198,28.12,9.39,-0.05,-3.98
49.412039,4.257198,28.12,8.06,-0.04,-4.29
49.411833,4.25698,28.06,8.29,0.73,-2.33
49.411833,4.25698,28.06,8.1,-0.52,-3.1
49.411628,4.256766,28.05,9.83,0.02,-4.99
49.411628,4.256766,28.05,8.14,0.13,-5.09
49.411418,4.256548,28.04,8.34,-0.41,-4.92
49.411418,4.256548,28.04,9.3,-0.08,-3.82
49.411207,4.256332,28.02,9.32,-0.68,-4.33
49.411207,4.256332,28.02,8.14,0.62,-3.19
49.410997,4.256111,27.98,7.49,-0.07,-4.37
49.410997,4.256111,27.98,8.86,0.05,-3.93
49.410786,4.255897,28.03,8.51,0.14,-4.72
49.410786,4.255897,28.03,8.16,-0.31,-3.67
49.410581,4.255686,28.02,8.37,0.52,-2.72
49.410581,4.255686,28.02,8.9,0.79,-3.8
49.410375,4.255477,27.99,8.17,-0.76,-4.3
49.410375,4.255477,27.99,8.16,0.57,-4.82
49.410165,4.255256,28,10.26,0.1,-4.83
49.410165,4.255256,28,9.05,-0.93,-3
49.409953,4.255039,27.93,9.65,0.73,-2.65
49.409953,4.255039,27.93,9.86,0.13,-3.45
49.409744,4.254822,27.94,9.28,-0.23,-3.74
49.409744,4.254822,27.94,8.92,-0.4,-4.45
49.409536,4.254605,27.91,8.03,0.12,-4.09
49.409536,4.254605,27.91,7.07,-0.11,-4.64
49.409331,4.254387,27.91,10.77,-0.97,-3.3
49.409331,4.254387,27.91,8.86,0.01,-4.66
49.409121,4.254163,27.91,10.25,-0.87,-3.12
49.409121,4.254163,27.91,9.11,-0.33,-3.23
49.408912,4.253949,27.93,7.77,0.23,-2.9
49.408912,4.253949,27.93,10.32,-0.96,-3.15
49.408706,4.25373,27.9,9.68,0.23,-5.07
49.408706,4.25373,27.9,9.92,-0.69,-4.06
49.4085,4.253512,27.91,8.39,0.41,-3.39
49.4085,4.253512,27.91,8.77,0.01,-2.94
49.408294,4.253296,27.85,8.02,-0.19,-3.7
49.408294,4.253296,27.85,8.44,1.05,-3.99
49.408089,4.253082,27.72,9.12,-0.3,-4.18
49.408089,4.253082,27.72,8.59,0.12,-2.97
49.407885,4.252864,27.69,8.14,-0.12,-3.58
49.40768,4.25265,27.78,9.47,-0.11,-3.79
49.40768,4.25265,27.78,9.84,-0.28,-3.71
49.407474,4.252433,27.93,9.8,-0.42,-3.28
49.407474,4.252433,27.93,8.35,0.01,-4.3
49.407267,4.252211,28.08,9.57,-0.81,-3.18
49.407267,4.252211,28.08,8.15,-0.22,-4.02
49.407059,4.251988,28.16,10.12,0.64,-4.43
49.407059,4.251988,28.16,8.48,-0.64,-4.8
49.406849,4.251766,28.32,9.28,-0.63,-4.07
49.406849,4.251766,28.32,9.14,-0.37,-3.99
49.406639,4.251543,28.41,9.26,-0.74,-3.57
49.406639,4.251543,28.41,9.13,-0.09,-3.69
49.406427,4.251323,28.52,8.42,-0.41,-4.17
49.406427,4.251323,28.52,8.09,-0.24,-3.29
49.406216,4.251097,28.62,8.87,0.31,-4.25
49.406216,4.251097,28.62,8.31,0.25,-3.73
49.406005,4.250871,28.69,9.41,0.71,-4.56
49.406005,4.250871,28.69,9.44,-0.5,-3.89
49.405794,4.250647,28.82,9.49,0.58,-3.98
49.405794,4.250647,28.82,8.23,0.33,-4.36
49.40558,4.250416,28.88,8.47,-0.16,-3.89
49.40558,4.250416,28.88,9.17,0.09,-3.38
49.405365,4.250191,28.9,8.73,0.13,-3.88
49.405365,4.250191,28.9,7.37,1.08,-3.47
49.405151,4.249966,28.87,10.26,-0.03,-2.67
49.405151,4.249966,28.87,8.61,-0.01,-3.25
49.404937,4.249743,28.83,9.36,0.5,-4.89
49.404937,4.249743,28.83,8.88,-0.06,-3.96
49.404724,4.249521,28.92,9.44,0.38,-3.66
49.404724,4.249521,28.92,8.71,-0.22,-4.24
49.404509,4.249297,28.9,8.92,0.17,-4.58
49.404509,4.249297,28.9,9.12,0.56,-4.67
49.404295,4.249072,28.91,9.07,0.16,-4.02
49.404295,4.249072,28.91,8.05,-0.12,-3.72
49.404081,4.248848,28.85,9.99,0.02,-3.55
49.404081,4.248848,28.85,7.87,-0.78,-4.04
49.403867,4.248624,28.86,7.88,0.08,-4.51
49.403867,4.248624,28.86,9.88,-0.55,-3.89
49.403653,4.248399,28.89,9.18,-0.68,-4.27
49.403653,4.248399,28.89,7.79,0.45,-4.8
49.403441,4.248179,28.86,8.77,0.84,-4.46
49.403441,4.248179,28.86,6.76,0.81,-5.26
49.403228,4.247948,28.85,9.15,0.18,-3.95
49.403015,4.247722,28.88,8.62,0.69,-3.36
49.403015,4.247722,28.88,8.65,0.28,-4.07
49.4028,4.247502,28.8,8.28,-0.62,-4.13
49.4028,4.247502,28.8,9.1,0.46,-3.71
49.402588,4.247279,28.8,9.87,0.69,-2.66
49.402588,4.247279,28.8,8.1,1.07,-3.95
49.402375,4.247055,28.6,8.39,0.42,-3.93
49.402375,4.247055,28.6,9.96,0.45,-3.94
49.402162,4.246832,28.6,8.32,0.41,-3.7
49.402162,4.246832,28.6,8.04,-0.08,-3.39
49.40195,4.246608,28.6,9.31,0.38,-3.32
49.40195,4.246608,28.6,8.35,0.83,-3.53
49.401736,4.246383,28.62,8.32,-0.15,-3.22
49.401736,4.246383,28.62,9.55,0.48,-3.06
49.401525,4.246161,28.6,7.83,0.43,-3.99
49.401525,4.246161,28.6,7.66,1.09,-4.2
49.401312,4.245935,28.56,10.06,0.31,-3.32
49.401312,4.245935,28.56,10.01,0.05,-3.73
49.401101,4.245716,28.5,10.09,-0.28,-3.81
49.401101,4.245716,28.5,8.81,1.06,-3.62
49.400891,4.245496,28.57,10.22,0.55,-3.21
49.400891,4.245496,28.57,9.73,1.28,-3.81
49.40068,4.245276,28.65,8.63,0.08,-3.48
49.40068,4.245276,28.65,8.79,0.26,-3.92
49.400468,4.245049,28.66,8.44,-0.92,-4.2
49.400468,4.245049,28.66,9.38,0.09,-3.55
49.400256,4.244827,28.66,8.76,-0.07,-4.61
49.400256,4.244827,28.66,8.3,-0.11,-4.37
49.400042,4.244603,28.76,8.05,0.99,-5.14
49.400042,4.244603,28.76,9.38,0.23,-3.91
49.399827,4.24438,28.69,7.96,0.58,-4.6
49.399827,4.24438,28.69,9.18,-0.47,-5.33
49.399614,4.244156,28.64,8.82,-0.45,-4.11
49.399614,4.244156,28.64,8.41,-0.04,-4.41
49.399401,4.24394,28.54,8.2,0.09,-4.43
49.399401,4.24394,28.54,8.36,0.18,-4
49.399193,4.243721,28.51,9.22,0.9,-4.05
49.399193,4.243721,28.51,10.08,-0.63,-4.21
49.398987,4.243505,28.38,8.56,-0.93,-4.11
49.398987,4.243505,28.38,8.96,-0.85,-5.16
49.398779,4.243288,28.41,7.5,0.57,-4.36
49.398779,4.243288,28.41,8.94,0.64,-4.06
49.398565,4.243066,28.15,8.91,0.67,-3.76
49.398357,4.24285,28.17,10.1,-0.38,-3.18
49.398357,4.24285,28.17,9.5,-0.32,-4.38
49.398148,4.242632,28.16,8.8,-0.13,-5.46
49.398148,4.242632,28.16,7.21,-0.11,-4.04
49.397932,4.242409,28.13,8.3,-0.04,-4.68
49.397932,4.242409,28.13,8.75,-0.53,-4.24
49.39772,4.242192,27.99,7.87,-0.64,-4.17
49.39772,4.242192,27.99,8.44,-0.52,-3.46
49.397512,4.241977,27.84,8.44,-0.05,-4.4
49.397512,4.241977,27.84,9.48,-0.62,-4.72
49.397301,4.241755,27.75,8.34,-1.21,-4.33
49.397301,4.241755,27.75,9.13,-0.32,-3.28
49.397095,4.241543,27.65,9.09,-0.16,-4.48
49.397095,4.241543,27.65,7.06,0.03,-5
49.396893,4.241333,27.52,9.41,-0.31,-3.58
49.396893,4.241333,27.52,9.81,-0.58,-3.66
49.396687,4.241121,27.43,8.21,-0.62,-5.07
49.396687,4.241121,27.43,9.92,0.29,-3.34
49.396484,4.240915,27.33,8.82,-0.75,-4.38
49.396484,4.240915,27.33,6.89,-0.87,-4.99
49.396281,4.240704,27.22,6.76,0.24,-3.51
49.396281,4.240704,27.22,9.82,-0.55,-3.92
49.396075,4.24049,27.15,8.33,0.31,-3.11
49.396075,4.24049,27.15,8.92,0.34,-5.18
49.395875,4.240284,27.13,8.28,-0.05,-3.4
49.395875,4.240284,27.13,8.22,0.11,-4.48
49.395671,4.240074,27.18,10.52,-1.12,-3.91
49.395671,4.240074,27.18,10.28,0.11,-3.28
49.395468,4.239865,27.26,9.63,-0.22,-4.86
49.395468,4.239865,27.26,9.13,-0.64,-4.98
49.395262,4.239657,27.41,9.2,-0.42,-3.92
49.395262,4.239657,27.41,8.59,-0.3,-4.18
49.395057,4.239459,27.52,9.13,-0.94,-4.75
49.395057,4.239459,27.52,7.82,-0.04,-4.05
49.394843,4.239255,27.85,8.46,-0.46,-3.77
49.394843,4.239255,27.85,9.5,-0.53,-3.16
49.394628,4.239051,28.03,8.03,0.13,-4.31
49.394628,4.239051,28.03,9.01,-0.27,-4.4
49.394416,4.238844,28.33,9.5,-0.12,-4.17
49.394201,4.238631,28.54,9.1,-0.05,-3.91
49.394201,4.238631,28.54,9.84,-0.05,-3.43
49.393985,4.238415,28.83,9,0.24,-3.49
49.393985,4.238415,28.83,9.9,0.13,-3.45
49.393765,4.238197,29.17,9.22,-0.14,-3.23
49.393765,4.238197,29.17,8.97,0.05,-3.16
49.393546,4.237976,29.36,8.49,0.09,-3.25
49.393546,4.237976,29.36,8.11,0.06,-4.78
49.393327,4.237748,29.58,8.92,-0.95,-3.51
49.393327,4.237748,29.58,7.23,0.68,-5.09
49.39311,4.237516,29.36,8.69,1.02,-4.42
49.39311,4.237516,29.36,7.96,1.28,-3.75
49.392891,4.237288,29.31,8.08,0.53,-3.55
49.392891,4.237288,29.31,8.3,0.38,-4
49.39267,4.237064,29.53,7.99,1.01,-4.54
49.39267,4.237064,29.53,9.58,0.51,-3.55
49.392448,4.236841,29.69,9.34,0.65,-3.29
49.392448,4.236841,29.69,8.03,0.4,-4.49
49.392225,4.23661,29.94,7.7,-0.13,-3.61
49.392225,4.23661,29.94,10,-0.12,-3.66
49.392003,4.236375,30.22,9.02,0.42,-3.63
49.392003,4.236375,30.22,8.99,-0.36,-3.24
49.391783,4.236134,30.32,8.22,0.23,-3.26
49.391783,4.236134,30.32,7.98,1.41,-4.24
49.391565,4.235888,30.07,8.55,1.18,-3.6
49.391565,4.235888,30.07,7.67,0.97,-4.22
49.39135,4.23564,29.73,9.23,0.45,-3.95
49.39135,4.23564,29.73,9.98,0.24,-3.56
49.391137,4.235393,29.62,9.19,0.31,-4.58
49.391137,4.235393,29.62,8.85,0.55,-4.78
49.390924,4.235149,29.52,8.59,0.34,-3.6
49.390924,4.235149,29.52,9.03,0.17,-3.63
49.390711,4.234905,29.53,7.69,0.22,-5.27
49.390711,4.234905,29.53,8.75,0.48,-4.07
49.390498,4.23466,29.67,7.82,0.36,-4.98
49.390498,4.23466,29.67,8.12,-0.31,-4.04
49.390283,4.234418,29.57,9.59,0.57,-3.65
49.390283,4.234418,29.57,10.03,0.18,-3.61
49.39007,4.234175,29.47,9.4,-0.36,-4
49.39007,4.234175,29.47,9.89,-0.24,-4.32
49.389858,4.233935,29.32,8.7,0.53,-4.19
49.389858,4.233935,29.32,7.68,1.6,-4.11
49.389646,4.233696,29.12,9.56,0.08,-4.54
49.389437,4.233464,28.73,8.45,0.81,-4.29
49.389437,4.233464,28.73,8.62,0.82,-3.67
49.389226,4.233235,28.84,8.17,0.51,-4.42
49.389226,4.233235,28.84,8.83,0.8,-4.48
49.389015,4.233011,28.92,8.72,-0.3,-4.68
49.389015,4.233011,28.92,9.6,-1.19,-4.52
49.388801,4.232787,29.01,10.01,-0.56,-4.25
49.388801,4.232787,29.01,7.78,-0.79,-3.81
49.388584,4.232562,29.01,7.51,-0.67,-3.69
49.388584,4.232562,29.01,8.64,-0.08,-3.56
49.388364,4.232336,29.22,9.08,-0.8,-4.08
49.388364,4.232336,29.22,7.82,0.62,-4.61
49.388145,4.232113,29.38,9.94,-0.4,-4.08
49.388145,4.232113,29.38,7.23,0.97,-4.25
49.387926,4.23189,29.34,8.51,0.41,-4.19
49.387926,4.23189,29.34,9.84,0.7,-4.18
49.387704,4.231668,28.92,8.98,0.11,-4.64
49.387704,4.231668,28.92,9.44,-0.18,-3.57
49.387486,4.231453,28.98,7.65,0.63,-3.92
49.387486,4.231453,28.98,7.28,0.16,-3.34
49.387265,4.231243,29.22,7.71,0.31,-3.73
49.387265,4.231243,29.22,9.66,0.68,-5.21
49.387044,4.231029,29.28,9.6,0.87,-4.14
49.387044,4.231029,29.28,7.43,0.19,-4.16
49.386823,4.230819,29.34,7.92,0.25,-4.19
49.386823,4.230819,29.34,9.04,-0.07,-4.15
49.386599,4.230612,29.28,7.98,0.98,-4.51
49.386599,4.230612,29.28,7.18,0.47,-4.65
49.386374,4.230406,29.07,7.72,0.37,-4.29
49.386374,4.230406,29.07,9.84,0.41,-3.6
49.386148,4.230203,28.96,9.1,0,-3.91
49.386148,4.230203,28.96,9.07,0.25,-3.88
49.385923,4.23,29.09,7.82,0.23,-4.7
49.385923,4.23,29.09,9.1,0.15,-4.07
49.385696,4.229802,29.16,8.84,0.27,-4.62
49.385696,4.229802,29.16,9.05,0.53,-3.54
49.385466,4.229602,29.26,8.6,0.31,-3.65
49.385466,4.229602,29.26,9.52,-0.69,-4.6
49.385228,4.229401,29.36,8.52,0.46,-3.95
49.385228,4.229401,29.36,9.8,-0.62,-3.39
49.384992,4.2292,29.48,7.36,0.07,-4.41
49.384756,4.228997,29.49,8.26,0.7,-4.2
49.384756,4.228997,29.49,8.15,-0.11,-3.27
49.384523,4.228795,29.53,9.03,-0.05,-2.87
49.384523,4.228795,29.53,7.59,-0.15,-3.8
49.384296,4.228589,29.68,8.65,0.01,-4.4
49.384296,4.228589,29.68,8.79,0.48,-3.41
49.384069,4.22838,29.68,9.53,0.53,-3.83
49.384069,4.22838,29.68,9.25,0.57,-3.79
49.38384,4.22816,29.71,7.65,0.36,-3.98
49.38384,4.22816,29.71,8.25,0.15,-4.21
49.383611,4.227938,29.62,8.72,-0.19,-3.71
49.383611,4.227938,29.62,7.8,0.35,-3.46
49.383386,4.227718,29.5,9.27,0.55,-4.16
49.383386,4.227718,29.5,8.09,1.7,-4.35
49.383164,4.227498,29.06,7.79,0.24,-4.08
49.383164,4.227498,29.06,7.96,1.2,-4.17
49.382946,4.22728,28.95,8.92,-0.21,-3.39
49.382946,4.22728,28.95,8.23,0.97,-3.38
49.382732,4.227071,29.02,9.6,0.62,-3.48
49.382732,4.227071,29.02,9.19,0.5,-3.94
49.382514,4.226858,29.1,8.1,-0.13,-4.35
49.382514,4.226858,29.1,10.31,-0.17,-4.03
49.382295,4.226636,29.29,8.73,-0.23,-3.51
49.382295,4.226636,29.29,8.85,-0.12,-4.7
49.382073,4.226414,29.42,9.8,-0.34,-5.27
49.382073,4.226414,29.42,8,0.85,-4.02
49.381851,4.226194,29.39,8.8,0.06,-3.62
49.381851,4.226194,29.39,8.22,-0.36,-3.88
49.381627,4.225977,29.35,9.12,0.72,-4.19
49.381627,4.225977,29.35,10.03,0.67,-3.93
49.381405,4.225757,29.36,7.74,0.57,-3.71
49.381405,4.225757,29.36,9.79,0.51,-4.21
49.381181,4.225536,29.41,8.65,0.72,-4.37
49.381181,4.225536,29.41,9.53,-0.16,-2.35
49.380959,4.225315,29.42,8.44,-0.23,-4
49.380959,4.225315,29.42,8.6,0.23,-4.44
49.380737,4.225096,29.5,9.17,-0.13,-4.56
49.380737,4.225096,29.5,8.97,0.85,-3.36
49.380514,4.224873,29.62,9.51,0.38,-3.89
49.380292,4.224654,29.64,10.2,0.22,-3.57
49.380292,4.224654,29.64,8.99,0.94,-3.62
49.380065,4.224428,29.64,9.46,0.41,-4.97
49.380065,4.224428,29.64,8.31,0.44,-5.1
49.379841,4.224203,29.48,8.41,-0.14,-3.93
49.379841,4.224203,29.48,7.78,1.05,-2.89
49.379619,4.223985,29.31,9.03,0.51,-4.72
49.379619,4.223985,29.31,9.04,0.57,-4.3
49.379399,4.223768,29.22,8.41,0.75,-3.43
49.379399,4.223768,29.22,7.47,1.37,-3.98
49.37918,4.223552,29.19,6.95,-0.11,-3.97
49.37918,4.223552,29.19,9.03,-0.27,-4.12
49.378964,4.223335,29.15,9.42,0.07,-4.06
49.378964,4.223335,29.15,8.44,-0.15,-3.98
49.378745,4.223117,29.19,7.87,0.87,-3.03
49.378745,4.223117,29.19,9.88,-0.06,-3.29
49.378522,4.222895,29.3,8.37,-0.06,-4.54
49.378522,4.222895,29.3,8.34,0.73,-5.11
49.378298,4.222677,29.39,9.34,-0.06,-3.17
49.378298,4.222677,29.39,9.07,0.57,-3.23
49.378076,4.222458,29.45,8.62,-0.48,-4.88
49.378076,4.222458,29.45,9.38,0.51,-3.94
49.37785,4.222236,29.56,8.43,0.17,-3.74
49.37785,4.222236,29.56,8.14,0.58,-3.7
49.377627,4.222016,29.6,7.51,0.16,-3.99
49.377627,4.222016,29.6,7.75,1.02,-3.79
49.377403,4.221793,29.62,9.4,0.62,-3.72
49.377403,4.221793,29.62,8.82,-0.34,-4.36
49.377179,4.221569,29.69,8.2,0.89,-4.23
49.377179,4.221569,29.69,7.43,0.34,-4.04
49.376954,4.221348,29.68,7.66,0.25,-4.08
49.376954,4.221348,29.68,9.11,0.6,-3.57
49.37673,4.221127,29.65,9.17,-0.17,-4.7
49.37673,4.221127,29.65,9.07,0.35,-4.46
49.376506,4.220908,29.68,9.44,-0.06,-3.34
49.376506,4.220908,29.68,9.46,-0.39,-2.99
49.376285,4.220694,29.58,9.68,-1.03,-4.54
49.376285,4.220694,29.58,9.11,0.01,-4.11
49.376063,4.22048,29.49,8.24,0.58,-4.14
49.376063,4.22048,29.49,8.32,0.63,-3.62
49.375838,4.220256,29.52,7.96,0.49,-4.91
49.375838,4.220256,29.52,9.13,-0.42,-3.63
49.375614,4.220031,29.53,9.33,0.38,-4.26
49.37539,4.219809,29.69,9.41,0.6,-4.2
49.37539,4.219809,29.69,9.55,-0.33,-4.25
49.375165,4.219588,29.75,8.38,0.25,-3.92
49.375165,4.219588,29.75,7.35,-0.34,-4.97
49.374941,4.219368,29.81,8.82,0.23,-3.71
49.374941,4.219368,29.81,8.29,0.73,-4.75
49.374716,4.219149,29.76,9.02,0.07,-3.5
49.374716,4.219149,29.76,9.79,-0.09,-3.64
49.374495,4.218933,29.83,7.81,-0.97,-4.02
49.374495,4.218933,29.83,9.77,-0.24,-3.23
49.37427,4.218713,29.81,9.97,-0.08,-3.11
49.37427,4.218713,29.81,8.18,-0.15,-3.98
49.374038,4.218484,29.77,6.92,0.89,-3.99
49.374038,4.218484,29.77,8.49,0.06,-3.91
49.37381,4.21826,29.77,9.38,-0.27,-4.22
49.37381,4.21826,29.77,9.28,-0.79,-3.54
49.373585,4.218041,29.81,8.84,0.34,-5.45
49.373585,4.218041,29.81,9.67,0.32,-4.24
49.373356,4.217822,29.84,9.3,0.24,-3.51
49.373356,4.217822,29.84,7.63,0.02,-3.97
49.373128,4.217607,29.75,10.3,0.24,-4.02
49.373128,4.217607,29.75,8.28,0.21,-3.72
49.372902,4.217391,29.76,8.28,0.76,-3.3
49.372902,4.217391,29.76,9.26,-0.21,-3.34
49.372676,4.217175,29.79,9.62,0.07,-3.75
49.372676,4.217175,29.79,9.83,0.04,-3.47
49.37245,4.216961,29.76,8.52,0.25,-3.52
49.37245,4.216961,29.76,7.89,-0.42,-4.52
49.372226,4.216743,29.72,8.04,-0.25,-3.87
49.372226,4.216743,29.72,9.19,0.78,-3.47
49.372002,4.216527,29.7,7.03,-0.52,-4.95
49.372002,4.216527,29.7,9.33,0.2,-4.07
49.371777,4.216308,29.72,10.27,0.28,-3.1
49.371777,4.216308,29.72,8.28,-0.56,-4.51
49.371551,4.21609,29.71,10.07,0.09,-4.09
49.371551,4.21609,29.71,9.66,0.13,-4.59
49.371327,4.21587,29.68,8.26,0.11,-4.63
49.371327,4.21587,29.68,8.33,0.61,-3.77
49.371102,4.215654,29.69,8.2,0.18,-3.9
49.370876,4.215434,29.66,8.91,1.63,-3.72
49.370876,4.215434,29.66,7.32,0.74,-4.41
49.370654,4.21522,28.96,9.08,0.75,-3.5
49.370654,4.21522,28.96,10.57,-0.2,-4.3
49.370436,4.215006,28.82,8.88,0.3,-3.93
49.370436,4.215006,28.82,9.22,-0.27,-3.54
49.370217,4.214796,28.63,8.74,0.68,-3.19
49.370217,4.214796,28.63,9.55,-0.37,-3.34
49.369999,4.21459,28.4,7.81,0.41,-4.19
49.369999,4.21459,28.4,9.92,0,-4.76
49.369781,4.214389,28.14,9.58,-0.52,-3.97
49.369781,4.214389,28.14,8.47,0.03,-5.07
49.369566,4.214201,28.13,8.06,-0.06,-4.91
49.369566,4.214201,28.13,8.24,-0.04,-5.04
49.369349,4.214024,28.07,9.55,-0.74,-3.17
49.369349,4.214024,28.07,9.82,0.28,-3.05
49.369132,4.21385,27.87,9.71,-0.43,-3.5
49.369132,4.21385,27.87,7.61,0.62,-3.66
49.368913,4.213666,27.5,10.38,0.14,-3.53
49.368913,4.213666,27.5,9.88,-0.18,-4.67
49.368699,4.213468,28.15,8.62,-0.44,-4.2
49.368699,4.213468,28.15,9.62,0.3,-3.81
49.368478,4.213261,28.26,9.63,-1.36,-3.16
49.368478,4.213261,28.26,7.73,-0.69,-4.62
49.368254,4.213045,28.36,8.15,-0.72,-2.9
49.368254,4.213045,28.36,9.63,0.82,-2.73
49.368032,4.212827,28.36,7.31,0.62,-3.78
49.368032,4.212827,28.36,9.29,-0.42,-4.13
49.367819,4.212619,28.14,7.22,0.53,-4.41
49.367819,4.212619,28.14,9.46,-0.45,-3.26
49.367607,4.212412,28.09,9.3,-0.68,-4.35
49.367607,4.212412,28.09,9.62,-0.94,-4.21
49.367395,4.212204,28.2,8.15,-0.67,-4.27
49.367395,4.212204,28.2,7.7,-0.85,-3.99
49.367181,4.21199,28.65,7.81,0.09,-3.51
49.367181,4.21199,28.65,8.77,-0.82,-3.24
49.366964,4.211777,28.77,9.5,-0.54,-3.11
49.366964,4.211777,28.77,8.65,0.34,-3.76
49.366746,4.211567,28.86,8.6,-0.03,-4.14
49.366746,4.211567,28.86,9.17,-0.37,-4.5
49.366527,4.211355,28.91,8.91,0.34,-4.46
49.366527,4.211355,28.91,8.12,0.74,-4.33
49.366306,4.211143,29,9.77,0.88,-3.71
49.366306,4.211143,29,10.12,0.93,-3.29
49.366086,4.210927,29.18,9.55,0.55,-3.08
49.365865,4.210711,29.27,8.41,-0.14,-3.65
49.365865,4.210711,29.27,8.58,0.94,-3.37
49.365643,4.210493,29.41,9.42,0.95,-4.66
49.365643,4.210493,29.41,7.86,1.52,-4.1
49.365421,4.210276,29.01,7.87,1.09,-3.44
49.365421,4.210276,29.01,9.87,-0.56,-3.13
49.365202,4.210063,29.01,9.91,-0.28,-3.83
49.365202,4.210063,29.01,7.92,0.59,-4.59
49.364985,4.20985,29.02,7.55,-0.03,-4.96
49.364985,4.20985,29.02,8.76,0.95,-3.87
49.364766,4.209638,29.08,8,0.67,-3.6
49.364766,4.209638,29.08,10.36,-0.23,-3.63
49.364545,4.209432,29.1,8.11,0.27,-5.12
49.364545,4.209432,29.1,9.7,1.21,-3.8
49.364314,4.209227,29.22,8.28,0.55,-4.24
49.364314,4.209227,29.22,10.32,0.93,-1.87
49.364076,4.209042,28.98,8.31,-0.04,-3.74
49.364076,4.209042,28.98,7.43,0.73,-4.98
49.36384,4.208872,28.83,8.18,0.86,-5.14
49.36384,4.208872,28.83,9.76,0.17,-4.17
49.363598,4.208709,28.91,6.67,1.94,-4.4
49.363598,4.208709,28.91,9.63,1.44,-3.27
49.363362,4.208569,28.86,6.43,1.76,-5.05
49.363362,4.208569,28.86,7.15,1.36,-4.59
49.363124,4.20844,28.61,8.35,0.56,-5.35
49.363124,4.20844,28.61,8.83,1.29,-4.88
49.362878,4.208328,28.39,8.36,0.37,-4.76
49.362878,4.208328,28.39,9.49,-0.04,-4.8
49.362624,4.208232,28.35,8.67,-0.21,-4.38
49.362624,4.208232,28.35,10.1,-0.77,-4.94
49.362366,4.208153,28.48,8.76,0.28,-4.71
49.362366,4.208153,28.48,9.24,0.39,-4.03
49.362119,4.208092,28.59,7.56,0.18,-4.52
49.362119,4.208092,28.59,9.57,0.19,-4.25
49.36187,4.208045,29.03,9.25,-0.35,-4.36
49.36187,4.208045,29.03,9.59,0.11,-3.85
49.361615,4.208003,29.35,10.73,-0.51,-3.61
49.361615,4.208003,29.35,8.89,0.23,-4.96
49.361354,4.207967,29.76,7.7,-0.56,-4.46
49.361354,4.207967,29.76,9.39,0.26,-4.61
49.361087,4.207932,30.18,8.83,0.59,-3.16
49.360818,4.207902,30.13,8.4,1.47,-4.4
49.360818,4.207902,30.13,7.99,0.79,-3.6
49.360546,4.207867,29.84,8.32,0.72,-3.56
49.360546,4.207867,29.84,9.27,0.34,-3.92
49.360279,4.207834,29.87,9.28,-0.22,-2.98
49.360279,4.207834,29.87,8.5,0.12,-2.86
49.360013,4.207792,29.77,9.35,-0.29,-3.83
49.360013,4.207792,29.77,8.61,-0.13,-3.96
49.359745,4.20774,29.73,9.31,0.55,-3.08
49.359745,4.20774,29.73,8.51,1.19,-3.67
49.35948,4.207685,29.32,8.59,0.54,-4.77
49.35948,4.207685,29.32,8.53,0.75,-3.36
49.359221,4.207625,29.02,9.01,0.41,-3.28
49.359221,4.207625,29.02,8,1.13,-4.2
49.358966,4.20756,28.74,9.28,-0.3,-2.64
49.358966,4.20756,28.74,7.72,0.26,-3.53
49.358713,4.207492,28.79,9.03,0.57,-3.59
49.358713,4.207492,28.79,8.9,-0.06,-4.47
49.35846,4.207414,28.81,9.16,0.63,-3
49.35846,4.207414,28.81,8.24,0.84,-4.03
49.358208,4.207332,28.6,9.2,1.12,-3.19
49.358208,4.207332,28.6,9.19,-0.13,-4.31
49.357958,4.207255,28.44,9.33,-0.48,-3.48
49.357958,4.207255,28.44,8.02,0.21,-4.07
49.357709,4.207177,28.44,8.85,0.47,-3.29
49.357709,4.207177,28.44,8.8,0.56,-3.72
49.357457,4.207092,28.17,10.07,-0.2,-3.17
49.357457,4.207092,28.17,7.09,0.49,-3.64
49.357201,4.206998,28.25,8.33,-2.4,-3.99
49.357201,4.206998,28.25,10.98,0.56,-3.85
49.356951,4.206903,28.27,10.03,-0.3,-3.43
49.356951,4.206903,28.27,10.23,-0.29,-3.59
49.356703,4.20681,28.45,8.57,-0.08,-3.25
49.356703,4.20681,28.45,8.79,0.61,-2.96
49.356456,4.206715,28.28,8.44,0.26,-4.09
49.356456,4.206715,28.28,8.75,0.24,-3.63
49.356211,4.206611,28.38,8.22,0.38,-3.96
49.356211,4.206611,28.38,7.35,0.4,-4.19
49.355975,4.206511,28.22,9.2,-0.08,-2.92
49.355975,4.206511,28.22,7.66,0.66,-3.34
49.355735,4.206396,28.02,8.91,-0.45,-3.54
49.355492,4.206277,27.86,10.1,0.33,-2.7
49.355492,4.206277,27.86,8.71,-0.32,-3.55
49.355257,4.206155,27.89,9.54,0.6,-3.91
49.355257,4.206155,27.89,11.28,-0.5,-4.03
49.355017,4.206025,27.98,11.94,-0.52,-4.68
49.355017,4.206025,27.98,8.21,0.79,-4.36
49.354776,4.205893,28.06,9.28,0.27,-3.52
49.354776,4.205893,28.06,9.4,-0.36,-3.71
49.354538,4.205765,28.3,8.68,0.32,-3.3
49.354538,4.205765,28.3,5.39,0.23,-2.8
49.354299,4.205635,28.73,8.86,-0.67,-3.68
49.354299,4.205635,28.73,11.2,0.08,-5.64
49.354057,4.205494,29.15,10.17,0.6,-3.88
49.354057,4.205494,29.15,9.03,1.45,-3.96
49.353811,4.205355,29.12,8.53,1.1,-3.59
49.353811,4.205355,29.12,9.77,0.02,-3.17
49.353562,4.205219,28.59,9.08,0.32,-3.45
49.353562,4.205219,28.59,9.31,1.11,-3.81
49.353324,4.205086,28.21,9.06,0.82,-3.77
49.353324,4.205086,28.21,9.72,0.39,-2.96
49.353086,4.204946,28.21,9.87,-0.2,-2.36
49.353086,4.204946,28.21,9.94,0.82,-2.77
49.352843,4.204799,28.36,8.7,0.21,-4.02
49.352843,4.204799,28.36,8.63,0.27,-3.23
49.352607,4.204637,28.54,10.46,0.37,-2.37
49.352607,4.204637,28.54,9.78,0.48,-2.13
49.352385,4.20448,28,9.58,-0.19,-3.48
49.352385,4.20448,28,9.14,0.31,-3.55
49.352173,4.204299,28,9.02,0.25,-2.42
49.352173,4.204299,28,9.01,0.11,-2.54
49.351967,4.204084,27.87,9.49,0.11,-3.08
49.351967,4.204084,27.87,9.88,-0.15,-3.48
49.351755,4.203857,28.07,9.76,-0.48,-1.82
49.351755,4.203857,28.07,8.47,0.58,-2.82
49.351549,4.203622,28,8.17,0.24,-3.51
49.351549,4.203622,28,9.62,-0.16,-2.7
49.351349,4.203378,28.26,9.23,-0.02,-3.11
49.351349,4.203378,28.26,9.33,-0.16,-2.57
49.351159,4.203129,27.81,8.12,0.34,-3.97
49.351159,4.203129,27.81,10.8,1,-2.04
49.350978,4.202859,27.37,9.43,1.04,-3.11
49.350811,4.202589,26.94,9.02,0.98,-2.25
49.350811,4.202589,26.94,8.97,-0.23,-3.94
49.350657,4.202314,26.73,9.35,-0.34,-2.67
49.350657,4.202314,26.73,8.67,0.2,-3.9
49.350509,4.202034,26.89,9.17,0.06,-3.32
49.350509,4.202034,26.89,8.76,-0.11,-3.16
49.350364,4.20174,27.28,9.73,-1.54,-2.53
49.350364,4.20174,27.28,9.84,0.12,-2.96
49.350224,4.201423,27.53,9.92,0.89,-3.35
49.350224,4.201423,27.53,8.51,1,-2.51
49.350089,4.201101,27.6,9.3,0.16,-3.41
49.350089,4.201101,27.6,7.64,1.35,-3.73
49.349964,4.200772,27.45,6.91,0.5,-3.46
49.349964,4.200772,27.45,9.72,0.86,-2.29
49.349851,4.200436,27.48,9.84,0.07,-2.18
49.349851,4.200436,27.48,9.42,0.79,-2.04
49.34975,4.200088,27.65,10.5,0.03,-2.17
49.34975,4.200088,27.65,9.28,-0.77,-3.15
49.349653,4.199731,27.82,8.38,-0.16,-4.17
49.349653,4.199731,27.82,10.28,-0.18,-4.11
49.349565,4.199363,28.06,9.87,-0.04,-2.26
49.349565,4.199363,28.06,9.39,-0.8,-2.98
49.349481,4.198992,28.26,9.59,-1.12,-2.12
49.349481,4.198992,28.26,9.66,-0.25,-2.53
49.349399,4.198617,28.54,9.71,-0.44,-3.09
49.349399,4.198617,28.54,10.09,-0.69,-2.71
49.349336,4.198235,28.6,9.3,0.07,-4
49.349336,4.198235,28.6,9.41,0.72,-2.23
49.34929,4.19785,28.52,9.63,-0.76,-2.55
49.34929,4.19785,28.52,9.37,0.1,-2.48
49.34924,4.197459,28.69,9.05,-0.51,-3.11
49.34924,4.197459,28.69,7.12,-0.07,-4.31
49.349201,4.197075,28.83,7.88,-0.6,-4.31
49.349201,4.197075,28.83,9.14,-0.73,-3.98
49.349165,4.196685,28.9,9.4,0.73,-3.62
49.349165,4.196685,28.9,8.57,1.53,-3.07
49.349128,4.196296,28.55,8.85,-0.22,-2.84
49.349128,4.196296,28.55,7.63,0.59,-4.65
49.349097,4.195909,28.12,8.78,0.53,-3.95
49.349097,4.195909,28.12,8.12,-0.5,-4.46
49.349058,4.195528,27.81,8.83,0.04,-5.04
49.349008,4.195154,27.56,9.94,-0.58,-3.36
49.349008,4.195154,27.56,9.17,-0.48,-4.69
49.348958,4.194789,27.48,8.86,-0.85,-4.33
49.348958,4.194789,27.48,8.23,0.17,-4.88
49.3489,4.194424,27.83,7,0.5,-4.04
49.3489,4.194424,27.83,8.56,-1.27,-4.18
49.348837,4.194058,27.91,8.63,0.36,-3.78
49.348837,4.194058,27.91,10.32,-1.34,-4.54
49.348761,4.193685,28.28,10.93,0.57,-3.59
49.348761,4.193685,28.28,8.08,0.61,-4.44
49.348674,4.193316,28.51,7.12,0.66,-4.26
49.348674,4.193316,28.51,9.57,-0.65,-4.38
49.348576,4.192958,28.61,9.8,-0.39,-4.07
49.348576,4.192958,28.61,9.11,-0.41,-3.22
49.348463,4.192606,28.72,6,0.68,-5.22
49.348463,4.192606,28.72,7.97,-0.67,-4.34
49.348332,4.192257,28.74,9.54,-0.51,-4.3
49.348332,4.192257,28.74,9.7,0.2,-4.37
49.348188,4.191919,28.78,7.88,0.43,-5.13
49.348188,4.191919,28.78,9.83,-0.39,-5.39
49.348048,4.191592,28.55,6.75,0.09,-4.78
49.348048,4.191592,28.55,7.47,0.62,-5.22
49.347903,4.191284,28.29,7.42,-0.14,-5.34
49.347903,4.191284,28.29,8.07,0.61,-4
49.347748,4.190974,28.48,6.96,0.04,-5.31
49.347748,4.190974,28.48,7.9,0.57,-4.29
49.347576,4.190693,28.41,9.34,1.17,-4.62
49.347576,4.190693,28.41,8.98,0.51,-4.12
49.347396,4.190411,28.27,7.92,-0.18,-5.05
49.347396,4.190411,28.27,8.66,1.27,-3.74
49.347211,4.190135,28.07,9.44,0.54,-4.17
49.347211,4.190135,28.07,9.02,0.09,-4.55
49.347022,4.18987,27.92,9.5,-0.51,-4.39
49.347022,4.18987,27.92,9.75,0.5,-4.04
49.346829,4.189613,28,8.77,-0.82,-3.91
49.346829,4.189613,28,8.84,-0.21,-4.61
49.346632,4.189368,27.92,8.7,0.81,-4.29
49.346632,4.189368,27.92,9.38,0.17,-4.14
49.346432,4.189129,27.92,10.52,-1.32,-3.38
49.346233,4.188887,27.91,7.74,0,-5.04
49.346233,4.188887,27.91,9.39,0.24,-3.29
49.346034,4.18865,27.94,9.46,-0.85,-3.79
49.346034,4.18865,27.94,9.51,0.31,-3.56
49.345837,4.18841,28.04,7.52,0.21,-4.44
49.345837,4.18841,28.04,9.26,-0.04,-3.73
49.345634,4.188172,28.14,7.74,0.42,-4.64
49.345634,4.188172,28.14,8.2,0.19,-4.74
49.345434,4.187935,28.19,8.58,0.24,-3.14
49.345434,4.187935,28.19,8.03,-0.65,-3.5
49.345239,4.187699,28.18,10.41,-0.04,-3.07
49.345239,4.187699,28.18,9.78,-0.58,-3.91
49.345042,4.187455,28.13,6.17,0.32,-4.24
49.345042,4.187455,28.13,8.58,0.5,-4.01
49.344849,4.187214,28.19,8.48,0.58,-4.08
49.344849,4.187214,28.19,8.41,-0.71,-4.68
49.344654,4.186977,28.18,7.34,0.7,-3.64
49.344654,4.186977,28.18,10.39,0.43,-3.18
49.344454,4.186732,28.2,8.5,1.06,-3.86
49.344454,4.186732,28.2,8.34,0.32,-4.3
49.344256,4.186489,28.22,9.27,0.16,-3.33
49.344256,4.186489,28.22,8.64,0.79,-3.69
49.344058,4.186245,28.31,9.49,-0.31,-5.15
49.344058,4.186245,28.31,8.66,0.27,-3.81
49.343859,4.186003,28.31,9.76,-0.42,-3.5
49.343859,4.186003,28.31,9.58,-0.55,-3.89
49.343653,4.185756,28.24,8.5,1.1,-4.73
49.343653,4.185756,28.24,8.39,0.46,-4.52
49.343454,4.185517,28.29,9.23,-0.84,-3.47
49.343454,4.185517,28.29,7.46,0.96,-3.41
49.343255,4.185277,28.17,10.1,0.86,-3.73
49.343255,4.185277,28.17,8.6,0.03,-3.68
49.343056,4.185041,28.24,7.98,-0.61,-4.78
49.343056,4.185041,28.24,10.68,-0.61,-4.15
49.342855,4.1848,28.21,7.27,-0.57,-6.45
49.342855,4.1848,28.21,9.72,0.03,-4.03
49.342662,4.184556,28.29,8.13,0.41,-4.65
49.342662,4.184556,28.29,8.84,0.98,-4.04
49.34246,4.184312,28.1,7.15,-0.11,-4.01
49.34246,4.184312,28.1,8.58,-0.5,-2.97
49.34227,4.184069,27.99,8.65,1.15,-4.06
49.34227,4.184069,27.99,10.83,0.87,-4.13
49.342078,4.183828,27.91,7.3,-0.02,-4.25
49.341882,4.183589,27.77,9.15,-0.19,-3.8
49.341882,4.183589,27.77,10.04,0.27,-3.06
49.341683,4.183354,27.7,8.41,-0.96,-4.04
49.341683,4.183354,27.7,7.05,0.34,-4.56
49.341494,4.183117,27.59,8.56,-0.27,-4.28
49.341494,4.183117,27.59,9.73,-0.62,-2.84
49.341299,4.182882,27.61,9.7,0.08,-3.8
49.341299,4.182882,27.61,7.41,0.13,-5.07
49.341105,4.182642,27.59,7.82,-0.02,-3.44
49.341105,4.182642,27.59,9.5,-0.46,-3.72
49.340903,4.182396,27.63,8.04,0.04,-4.11
49.340903,4.182396,27.63,8.25,-0.34,-4.58
49.340705,4.182152,27.76,8.54,0.13,-3.5
49.340705,4.182152,27.76,9.82,-0.99,-3.55
49.340506,4.181914,27.95,9.91,-0.44,-4.54
49.340506,4.181914,27.95,8.05,0.08,-4.44
49.340304,4.181667,27.95,9.11,-1.72,-4.79
49.340304,4.181667,27.95,8.6,0.26,-3.72
49.340105,4.181428,27.89,8.13,0.26,-3.28
49.340105,4.181428,27.89,7.68,-0.49,-4.62
49.339901,4.18119,28.05,9.04,-0.07,-4.8
49.339901,4.18119,28.05,9.04,0.21,-3.84
49.339706,4.180957,27.95,8.77,0.25,-3.82
49.339706,4.180957,27.95,9.73,-0.68,-3.51
49.339514,4.18072,28.07,7.55,-0.64,-4.06
49.339514,4.18072,28.07,9.96,0.16,-3.61
49.339319,4.180478,28.27,8.38,-0.82,-2.72
49.339319,4.180478,28.27,8.72,0.61,-4.18
49.339119,4.180237,28.32,8.43,-0.22,-4.64
49.339119,4.180237,28.32,7.6,1.12,-4.39
49.338919,4.179986,28.39,7.35,-0.17,-4.31
49.338919,4.179986,28.39,7.8,-0.06,-4.73
49.338722,4.179736,28.52,7.36,0.35,-5.34
49.338722,4.179736,28.52,7.63,0.14,-4.72
49.338522,4.179494,28.51,7.15,0.28,-4.82
49.338522,4.179494,28.51,10.64,0.23,-3.51
49.338321,4.179259,28.5,8.76,0.27,-4.3
49.338321,4.179259,28.5,9.19,-0.34,-4.47
49.338122,4.17902,28.52,9.49,-0.04,-3.36
49.338122,4.17902,28.52,8.7,0.76,-3.61
49.337923,4.178778,28.69,8.69,0.19,-4.3
49.337923,4.178778,28.69,8.46,-0.49,-5.02
49.337725,4.178535,28.79,7.89,0.43,-4.68
49.337531,4.178295,28.95,8.12,-0.11,-4.22
49.337531,4.178295,28.95,9.22,0.23,-3.61
49.337323,4.178053,29.09,7.87,1.12,-3.39
49.337323,4.178053,29.09,8.61,0.57,-3.67
49.33711,4.177806,29.22,10,-0.11,-3.66
49.33711,4.177806,29.22,8.93,-0.54,-5.41
49.336901,4.177561,29.33,8.54,0.16,-4.09
49.336901,4.177561,29.33,7.16,0.18,-3.51
49.336698,4.177303,29.62,8.83,0.57,-5.48
49.336698,4.177303,29.62,10.28,0.5,-3.65
49.336486,4.177051,29.77,8.53,0.52,-3.57
49.336486,4.177051,29.77,8.77,1.12,-4.04
49.336271,4.176798,29.73,8.82,0.7,-3.02
49.336271,4.176798,29.73,10.52,-0.47,-2.49
49.336062,4.176542,29.7,8.43,0.29,-4.81
49.336062,4.176542,29.7,8.04,0.33,-3.7
49.335846,4.176287,29.51,9.35,-0.85,-4.55
49.335846,4.176287,29.51,9.73,0.24,-4.54
49.335638,4.176033,29.49,9.26,-0.05,-4.98
49.335638,4.176033,29.49,9.3,0.08,-3.18
49.335431,4.175778,29.46,10,-0.75,-4.92
49.335431,4.175778,29.46,7.64,-0.3,-3.73
49.335231,4.175525,29.53,8.95,0.87,-4.13
49.335231,4.175525,29.53,7.66,0.58,-4.53
49.335027,4.175276,29.48,9.52,-0.17,-5.07
49.335027,4.175276,29.48,10.05,0.6,-4.08
49.334817,4.175024,29.46,8.86,-0.26,-3.64
49.334817,4.175024,29.46,9.31,0.22,-4.93
49.334607,4.17477,29.51,10.05,-0.1,-4.33
49.334607,4.17477,29.51,8.41,0.17,-3.73
49.334392,4.174512,29.72,9.14,-0.73,-4.31
49.334392,4.174512,29.72,7.8,0.51,-4.03
49.334184,4.174255,29.9,10.95,-0.42,-3.28
49.334184,4.174255,29.9,8.65,-0.5,-5.11
49.333968,4.174002,29.94,8.36,-1.48,-3.82
49.333968,4.174002,29.94,8.87,0.59,-4.63
49.333752,4.173749,30.03,9.23,-0.16,-2.31
49.333752,4.173749,30.03,7.79,0.51,-5.22
49.333539,4.173493,30.24,9.25,-0.79,-2.87
49.333539,4.173493,30.24,10.4,0.87,-4.98
49.333329,4.173237,30.47,7.83,0.73,-4.83
49.333329,4.173237,30.47,10.11,1.07,-3.86
49.333115,4.172971,30.52,9.9,-0.23,-4.38
49.332899,4.17271,30.66,10.67,-0.63,-3.25
49.332899,4.17271,30.66,9.01,0.18,-4.76
49.33268,4.172444,30.72,8.11,0.15,-4.18
49.33268,4.172444,30.72,9.28,-0.57,-3.89
49.332456,4.172184,30.99,8.97,0.08,-3.75
49.332456,4.172184,30.99,9.13,0.71,-5.43
49.332236,4.171919,31.11,10.28,0.15,-4.3
49.332236,4.171919,31.11,8.59,-0.75,-4.11
49.332013,4.171657,31.18,8.41,0.19,-3.39
49.332013,4.171657,31.18,9.54,0.07,-3.58
49.331787,4.171396,31.17,7.9,-0.39,-4.46
49.331787,4.171396,31.17,9.48,0.23,-4.78
49.331562,4.171131,31.11,11.85,-0.37,-3.77
49.331562,4.171131,31.11,8.09,-0.26,-4
49.331352,4.17086,31.06,8.2,0.9,-5.53
49.331352,4.17086,31.06,7.7,-0.97,-3.53
49.331139,4.170591,31.04,9.34,0.52,-3.13
49.331139,4.170591,31.04,9.01,-0.57,-3.93
49.330922,4.170332,30.86,7.73,1.03,-5.24
49.330922,4.170332,30.86,8.57,-0.52,-4.54
49.330708,4.170066,30.98,9.63,-0.88,-3.71
49.330708,4.170066,30.98,9.21,0.45,-3.49
49.330486,4.169807,31.05,10.14,0.52,-3.51
49.330486,4.169807,31.05,6.03,0.74,-5.67
49.330264,4.169544,31.07,8.55,-0.99,-3.77
49.330264,4.169544,31.07,8.36,-0.3,-3.92
49.330039,4.169277,31.1,7.5,1.35,-4.41
49.330039,4.169277,31.1,9.67,-0.68,-4.05
49.329821,4.169011,31.01,9.1,-0.56,-3.57
49.329821,4.169011,31.01,9.48,0.51,-4.1
49.329603,4.168746,30.75,8.49,0.45,-3.49
49.329603,4.168746,30.75,8.63,0.72,-4.65
49.329385,4.168485,30.18,8.7,0.41,-4.75
49.329385,4.168485,30.18,9.35,-0.07,-4.18
49.329174,4.168222,30.03,8.68,-0.27,-2.85
49.329174,4.168222,30.03,7.34,-0.57,-4.88
49.328964,4.167962,29.77,10.4,-0.12,-3.31
49.328964,4.167962,29.77,8.22,0.73,-3.39
49.328759,4.167706,29.52,9.06,-0.22,-4.16
49.328553,4.167452,29.4,8.62,0.52,-4.38
49.328553,4.167452,29.4,8.24,0.73,-3.67
49.32835,4.167205,29.31,9.86,-0.65,-4.18
49.32835,4.167205,29.31,8.01,-0.09,-4.31
49.328146,4.166957,29.16,9.79,-0.31,-4.24
49.328146,4.166957,29.16,8.12,1.32,-3.98
49.327942,4.166717,29.14,9.56,0.52,-4.52
49.327942,4.166717,29.14,7.64,0.29,-3.48
49.327738,4.166471,28.99,9.01,1.1,-3.15
49.327738,4.166471,28.99,8.98,-0.18,-4.14
49.327534,4.166222,28.98,8.63,-0.52,-4.32
49.327534,4.166222,28.98,9.82,-0.46,-4.66
49.327329,4.165976,28.99,7.88,-0.04,-4.85
49.327329,4.165976,28.99,8.98,0.7,-4.17
49.32712,4.165726,28.95,10.63,0.11,-3.98
49.32712,4.165726,28.95,9.14,-1.08,-4.09
49.326913,4.165474,28.99,10.55,-0.33,-4.26
49.326913,4.165474,28.99,9.55,0.06,-3.92
49.32671,4.165225,29.03,7.67,0.02,-4.85
49.32671,4.165225,29.03,10.17,-0.8,-3.98
49.326503,4.164981,29.2,9.73,-0.09,-4.09
49.326503,4.164981,29.2,7.06,0.17,-3.27
49.326295,4.16473,29.38,9.44,0.62,-3.39
49.326295,4.16473,29.38,8.94,-0.51,-4.91
49.326087,4.164471,29.53,8.1,0.04,-4.49
49.326087,4.164471,29.53,7.63,0.85,-3.23
49.325879,4.164217,29.71,9.33,-0.81,-5.09
49.325879,4.164217,29.71,8.16,0.44,-4.02
49.325671,4.163964,29.78,8.43,0.6,-4.62
49.325671,4.163964,29.78,9.36,0.1,-4.79
49.325458,4.16371,29.88,7.4,-0.56,-3.77
49.325458,4.16371,29.88,8.6,-0.66,-5.25
49.325247,4.16346,30.03,9.86,0.52,-3.19
49.325247,4.16346,30.03,9.38,-0.16,-3.26
49.325031,4.163212,30,9.38,1.58,-3.4
49.325031,4.163212,30,9.75,-0.41,-3.22
49.324818,4.162959,30.19,8.38,0.33,-3.39
49.324818,4.162959,30.19,8.37,0.07,-3.92
49.324606,4.162701,30.11,9.95,-0.76,-4.16
49.324606,4.162701,30.11,7.96,0.08,-5.07
49.324388,4.162451,30.25,8.65,1.21,-4.3
49.324388,4.162451,30.25,7.83,-0.27,-3.99
49.324169,4.16219,30.27,6.94,0.43,-4.58
49.323955,4.161929,30.29,7.1,0.36,-5.14
49.323955,4.161929,30.29,9.45,0.4,-4.75
49.323744,4.16167,30.3,8.66,-0.02,-4.42
49.323744,4.16167,30.3,9.31,0.13,-5.77
49.323532,4.161401,30.29,8.25,0.49,-4.06
49.323532,4.161401,30.29,9.44,0.07,-4.99
49.323333,4.161139,30.33,8.8,-0.48,-4.33
49.323333,4.161139,30.33,8.53,0.18,-4.3
49.323121,4.16088,30.16,8.51,0.46,-3.99
49.323121,4.16088,30.16,9.23,0.38,-4.21
49.322913,4.160624,30.13,8.35,0.96,-3.58
49.322913,4.160624,30.13,8.61,0.6,-3.93
49.3227,4.160376,30.18,8.06,0.36,-3.06
49.3227,4.160376,30.18,9.37,0.94,-4.14
49.322489,4.160122,30.18,9.73,-0.57,-3.47
49.322489,4.160122,30.18,8.09,0.61,-3.97
49.32227,4.159866,30.18,7.9,0.31,-4.24
49.32227,4.159866,30.18,9.56,-0.21,-3.91
49.322055,4.159605,30.42,9.7,-0.49,-3.91
49.322055,4.159605,30.42,9.61,0.25,-3.98
49.321842,4.159339,30.56,7.84,-0.19,-5.23
49.321842,4.159339,30.56,8.87,0.48,-4.06
49.321625,4.15908,30.65,8.96,0.25,-4.86
49.321625,4.15908,30.65,9.58,-0.48,-4.84
49.321405,4.158821,30.62,8.42,-0.08,-3.67
49.321405,4.158821,30.62,8.77,0.73,-4.77
49.321188,4.158555,30.49,9.47,-0.57,-3.66
49.321188,4.158555,30.49,9.11,1.17,-3.43
49.320975,4.158291,30.47,8.94,-0.42,-4.69
49.320975,4.158291,30.47,7.24,0.85,-4.09
49.32076,4.15803,30.57,9.31,-0.19,-5.17
49.32076,4.15803,30.57,7.84,-0.25,-3.6
49.320543,4.157764,30.44,7.98,1.09,-4.87
49.320543,4.157764,30.44,8.28,-0.11,-3.25
49.320329,4.157499,30.18,10.01,0.33,-4.17
49.320329,4.157499,30.18,7.33,1.07,-3.47
49.320117,4.157242,30.12,9.73,0.2,-4.19
49.320117,4.157242,30.12,8.95,0.75,-2.78
49.319909,4.156986,29.84,9.66,1.19,-3.85
49.319909,4.156986,29.84,8.45,0.71,-5.07
49.319702,4.15673,29.74,9.99,-0.39,-4.11
49.319702,4.15673,29.74,9.29,0.34,-3.7
49.319495,4.156475,29.63,10.54,-0.03,-4.29
49.319287,4.156217,29.53,9.02,-0.55,-3.74
49.319287,4.156217,29.53,8.05,0.35,-3.35
49.319077,4.155969,29.48,9.93,0.07,-3.94
49.319077,4.155969,29.48,8.84,0.22,-4.56
49.318871,4.155728,29.39,9.92,-0.78,-4.18
49.318871,4.155728,29.39,8.6,0.57,-3.55
49.318658,4.155474,29.74,10.7,0.25,-4.81
49.318658,4.155474,29.74,8.45,0.21,-3.46
49.318446,4.155218,29.73,9.91,0.55,-4.25
49.318446,4.155218,29.73,8.52,-0.23,-3.92
49.318236,4.154964,29.75,8.9,0.54,-3.94
49.318236,4.154964,29.75,7.9,0.45,-4.48
49.31803,4.154704,29.83,9.81,0.12,-4.7
49.31803,4.154704,29.83,8.59,-0.3,-3.82
49.317819,4.154457,29.89,9.5,0.01,-4.2
49.317819,4.154457,29.89,9.78,-0.84,-4.22
49.317607,4.154199,30.03,8.22,-0.21,-4.12
49.317607,4.154199,30.03,8.36,-0.42,-4.16
49.317396,4.153942,29.91,7.5,0.7,-3.31
49.317396,4.153942,29.91,9.6,-0.46,-4.31
49.317183,4.153685,30.03,8.04,0.37,-4.27
49.317183,4.153685,30.03,9.54,0.03,-3.68
49.31697,4.153432,30.04,8.13,0.03,-3.82
49.31697,4.153432,30.04,9.28,0.78,-4.33
49.316757,4.153177,30.09,10.04,-0.08,-4.33
49.316757,4.153177,30.09,7.65,-0.39,-4.37
49.316543,4.152918,30.2,8.37,0.95,-3.83
49.316543,4.152918,30.2,7.9,-0.96,-4.84
49.316331,4.152655,30.14,8.84,1.62,-3.96
49.316331,4.152655,30.14,7.88,0.02,-4.15
49.316119,4.152393,30.12,9.51,-0.51,-3.73
49.316119,4.152393,30.12,8.94,-0.61,-4.48
49.315907,4.152138,30.27,8.33,-0.19,-4.57
49.315907,4.152138,30.27,7.8,-0.16,-3.71
49.315695,4.151883,30.31,8.83,1.22,-3.65
49.315695,4.151883,30.31,10.12,0.32,-4.22
49.315481,4.151619,30.39,8.19,-0.16,-3.8
49.315481,4.151619,30.39,9.16,-0.38,-4.84
49.315267,4.151358,30.45,9.11,-0.23,-4.02
49.315267,4.151358,30.45,10.19,-0.17,-4.35
49.315055,4.151087,30.53,8.88,0.01,-3.6
49.315055,4.151087,30.53,8.15,-0.25,-3.68
49.314841,4.150821,30.56,7.35,0.52,-5.39
49.314626,4.150559,30.62,9.02,-0.23,-5.17
49.314626,4.150559,30.62,10.26,0.24,-3.29
49.314409,4.1503,30.68,7.95,0.13,-4.04
49.314409,4.1503,30.68,9.23,-0.38,-4.85
49.314191,4.150044,30.74,8.26,0.95,-2.82
49.314191,4.150044,30.74,10.11,-0.22,-4.52
49.313975,4.149789,30.81,9.39,-0.38,-3.63
49.313975,4.149789,30.81,9.57,0.34,-3.98
49.313759,4.149527,30.95,8.57,0.74,-3.9
49.313759,4.149527,30.95,9.62,-0.56,-3.63
49.313542,4.149258,31.1,8.17,-0.14,-4.22
49.313542,4.149258,31.1,8.49,0.2,-3.54
49.313324,4.148991,31.21,8.68,0.04,-5.22
49.313324,4.148991,31.21,9.5,0.14,-3.92
49.313106,4.148726,31.27,7.92,1.11,-4.97
49.313106,4.148726,31.27,7.41,0.94,-3.94
49.31289,4.148468,30.6,7.76,0.18,-4.27
49.31289,4.148468,30.6,8.59,0.68,-5.14
49.312679,4.148202,30.36,9.37,-0.72,-4.36
49.312679,4.148202,30.36,8.36,0.39,-3.82
49.312469,4.14794,30.23,8.89,0.68,-3.32
49.312469,4.14794,30.23,8.48,-0.02,-3.99
49.312255,4.147679,30.1,9.39,0.05,-3.7
49.312255,4.147679,30.1,7.83,-0.01,-3.88
49.31204,4.14742,30.04,7.65,1.05,-4.78
49.31204,4.14742,30.04,8.15,0.89,-4.02
49.311835,4.147162,29.95,8.55,0.26,-4.64
49.311835,4.147162,29.95,9.75,0.11,-3.53
49.311626,4.146903,29.98,7.88,0.27,-4.44
49.311626,4.146903,29.98,9.08,-0.4,-4.86
49.311415,4.146641,29.91,9.16,-0.26,-4.68
49.311415,4.146641,29.91,8.28,0.56,-4.5
49.311204,4.146384,29.74,6.93,0.99,-3.47
49.311204,4.146384,29.74,6.52,0.5,-3.63
49.310997,4.146135,29.18,8.99,1.41,-4.75
49.310997,4.146135,29.18,9.82,-0.28,-4.04
49.310793,4.145887,28.98,9.37,-0.49,-3.65
49.310793,4.145887,28.98,8.34,-0.06,-4.75
49.310589,4.145642,28.77,9.24,-0.3,-3.33
49.310589,4.145642,28.77,9.6,-1.27,-5.46
49.310386,4.145398,28.8,7.87,-0.04,-4.32
49.310183,4.145155,28.93,7.91,0.78,-4.02
49.310183,4.145155,28.93,9.4,0.65,-4.17
49.309979,4.14491,28.97,8.69,-0.4,-3.97
49.309979,4.14491,28.97,8.89,0.64,-3.76
49.309775,4.144661,29.01,8.54,0.19,-3.88
49.309775,4.144661,29.01,9.53,-0.87,-4.09
49.30957,4.144416,29.05,9.27,-0.59,-4.33
49.30957,4.144416,29.05,10.04,0.37,-3.67
49.309364,4.144167,29.11,9.87,-0.09,-3.85
49.309364,4.144167,29.11,8.06,0.16,-4
49.309161,4.143916,29.11,8.43,-0.52,-3.77
49.309161,4.143916,29.11,7.95,-0.08,-4.16
49.308954,4.143667,29.24,10.2,-0.18,-4.19
49.308954,4.143667,29.24,8.55,-0.53,-4.77
49.308746,4.143417,29.32,9.36,0.37,-3.25
49.308746,4.143417,29.32,7.89,-0.48,-4.5
49.308537,4.143168,29.35,7.73,0.18,-4.8
49.308537,4.143168,29.35,9.39,0.83,-4.11
49.308326,4.142918,29.36,7.34,0.1,-5.32
49.308326,4.142918,29.36,8.91,-0.16,-5.17
49.308115,4.142668,29.42,9.62,0.12,-4.44
49.308115,4.142668,29.42,8.92,-0.38,-3.67
49.307905,4.142416,29.43,9.31,-0.87,-3.54
49.307905,4.142416,29.43,9.48,-0.3,-4.61
49.307694,4.14216,29.48,7.88,0.31,-4.02
49.307694,4.14216,29.48,9.09,-0.39,-4.45
49.30748,4.141907,29.59,8.8,0.68,-3.99
49.30748,4.141907,29.59,9.38,0.77,-3.35
49.307271,4.141647,29.65,7.31,-0.16,-3.96
49.307271,4.141647,29.65,8.4,-0.45,-4.67
49.307063,4.141386,29.78,9.89,-0.48,-3.57
49.307063,4.141386,29.78,8.33,0.62,-4.21
49.306857,4.141128,29.79,8.88,0.18,-3.04
49.306857,4.141128,29.79,9.77,0,-4.49
49.306641,4.140879,29.85,9.53,-0.82,-4.05
49.306641,4.140879,29.85,9.13,-0.46,-4.6
49.306439,4.140609,29.89,7.91,0.11,-4.47
49.306439,4.140609,29.89,8.8,-0.54,-4.26
49.306234,4.140349,30.01,10.39,0.63,-3.47
49.306234,4.140349,30.01,9.26,0.01,-4.19
49.306025,4.140092,30.19,9.33,-0.27,-3.44
49.306025,4.140092,30.19,8.96,-0.41,-4.06
49.305807,4.139835,30.35,8.67,-0.5,-4.14
49.305807,4.139835,30.35,10.8,-0.43,-4.38
49.30559,4.139579,30.41,9.37,-0.29,-3.45
49.30559,4.139579,30.41,10.44,-1.2,-4.25
49.305374,4.139323,30.5,9.24,-0.51,-3.89
49.305159,4.139066,30.56,10.54,-0.16,-3.76
49.305159,4.139066,30.56,7.51,-0.16,-4.14
49.30494,4.138813,30.53,7.51,0.33,-4.31
49.30494,4.138813,30.53,6.89,-0.31,-4.19
49.304726,4.138551,30.61,8.3,-0.47,-5.11
49.304726,4.138551,30.61,9.22,-0.38,-2.6
49.304504,4.138291,30.68,8.79,-0.34,-4.04
49.304504,4.138291,30.68,7.14,-0.21,-4.41
49.304286,4.138029,30.7,8.86,-0.45,-4.15
49.304286,4.138029,30.7,8.8,-0.07,-5.4
49.304067,4.137769,30.74,7.67,0.55,-3.78
49.304067,4.137769,30.74,9.61,1.18,-4.1
49.303848,4.137512,30.23,9.25,0.15,-3.52
49.303848,4.137512,30.23,7.97,0.35,-3.41
49.303638,4.137252,30.14,8.22,0.99,-4.02
49.303638,4.137252,30.14,8.29,0.02,-5
49.303432,4.136994,29.98,8.66,0.16,-5.02
49.303432,4.136994,29.98,7.13,0.71,-4.64
49.303231,4.136724,30.1,8.73,0.62,-3.94
49.303231,4.136724,30.1,9.27,0.23,-4.72
49.303021,4.136467,29.92,7.76,0,-4.6
49.303021,4.136467,29.92,8.12,-0.68,-5.15
49.302809,4.136222,29.95,9.4,-0.83,-4.2
49.302809,4.136222,29.95,7.73,-0.8,-4.93
49.302593,4.135996,30.11,8.91,0.33,-4.06
49.302593,4.135996,30.11,8.99,0.18,-4.65
49.302374,4.135772,29.99,8.18,-0.38,-5.37
49.302374,4.135772,29.99,9.6,-0.42,-4.28
49.302151,4.135541,30.11,8.65,-0.39,-4.26
49.302151,4.135541,30.11,9.06,-0.57,-4.19
49.301927,4.13532,30.1,8.8,-0.28,-5.83
49.301927,4.13532,30.1,7.71,-0.16,-4.3
49.301699,4.1351,30.05,7.77,-0.16,-5.1
49.301699,4.1351,30.05,9.41,0,-3.9
49.301464,4.134885,30.01,9.18,-0.87,-5
49.301464,4.134885,30.01,9.34,-0.69,-4.33
49.301222,4.134674,30.05,10.09,0.27,-4.03
49.301222,4.134674,30.05,8.04,0.19,-5.24
49.300988,4.134473,29.92,6.61,0.15,-4.54
49.300988,4.134473,29.92,7.59,-0.32,-5.14
49.300771,4.134279,30,9.9,-0.21,-4.47
49.300542,4.134101,30.06,7.28,-0.79,-5.98
49.300542,4.134101,30.06,9.17,-0.12,-4.48
49.300306,4.13393,30.1,8.65,-0.41,-4.06
49.300306,4.13393,30.1,7.87,-0.48,-4.42
49.300064,4.133752,30.15,9.27,0.2,-4.44
49.300064,4.133752,30.15,8.05,-0.47,-4.63
49.299821,4.133576,30.23,7.82,-0.42,-4.04
49.299821,4.133576,30.23,7.48,0.31,-5.46
49.299574,4.133396,30.38,9.74,-0.39,-3.61
49.299574,4.133396,30.38,8.53,0.21,-4.11
49.299326,4.13322,29.85,9.22,0.85,-3.26
49.299326,4.13322,29.85,9.17,-0.46,-4.38
49.29908,4.133055,29.7,8.3,0.04,-4.07
49.29908,4.133055,29.7,8.88,0.71,-3.37
49.298837,4.132885,29.66,8.55,-0.73,-4.99
49.298837,4.132885,29.66,9.41,0.59,-3.99
49.298594,4.132715,29.6,9.48,-0.43,-3.29
49.298594,4.132715,29.6,9.1,0.27,-4.43
49.29835,4.132541,29.59,8.45,0.85,-5.23
49.29835,4.132541,29.59,9.28,-0.31,-3.72
49.298107,4.132371,29.6,7.95,0.16,-4.36
